X-Size,Y-Size,Volume,Face-Area-1,Face-Area-2,Face-Area-3,Face-Area-4,Face-Area-5,Face-Area-6,Rec-X,Rec-Y,Rec-Z,Src-X,Src-Y,Src-Z,X0,Y0,Z0,X1,Y1,Z1,Vec-L,62.5 Hz,125 Hz,250 Hz,500 Hz,1K Htz,2K Hz,4K Hz,8K Hz
6,6,126,21,21,21,21,36,36,0.4,0.5,3.4,0.4,0.5,0.9,2.4,3,0.9,0,0,2.5,2.5,2.624,2.544,2.293,2.208,2.137,2.242,2.278,2.274
4,5,70,17.5,14,17.5,14,20,20,0.2,0.3,3.1,0.7,0.9,1,2.8,0.5,1,-2,3,2.1,4.172529209,1.955,1.996,1.972,1.908,1.852,1.986,2.063,2.089
7,8,196,28,24.5,28,24.5,56,56,0.2,1,1.4,0,0.6,0.3,0,3.2,0.3,1.4,-3.2,1.1,3.661966685,2.184,2.237,2.213,2.191,2.167,2.237,2.259,2.259
4,7,98,24.5,14,24.5,14,28,28,0.5,0.6,2.9,1,0.7,0.9,4,2.1,0.9,-2,0.7,2,2.913760457,1.997,2.085,2.083,2.041,2.008,2.127,2.184,2.189
6,8,168,28,21,28,21,48,48,0.6,0.1,2.1,0.2,0.5,2.3,1.2,4,2.3,2.4,3.2,-0.2,4.004996879,2.173,2.188,2.145,2.104,2.065,2.142,2.166,2.164
4,6,84,21,14,21,14,24,24,0.6,0.3,2.7,0.2,0.6,2.1,0.8,2.4,2.1,1.6,1.8,0.6,2.481934729,2.063,2.084,2.05,1.993,1.949,2.084,2.155,2.168
7,6,147,21,24.5,21,24.5,42,42,0.7,0.2,2.1,0.9,0.3,2.1,6.3,4.2,2.1,-1.4,0.6,0,1.523154621,2.309,2.328,2.26,2.201,2.149,2.249,2.288,2.282
4,4,56,14,14,14,14,16,16,0.3,0.8,1,0.1,0.2,1.2,0.4,3.2,1.2,0.8,-2.4,-0.2,2.537715508,1.92,1.963,1.962,1.9,1.838,2,2.103,2.135
7,8,196,28,24.5,28,24.5,56,56,0.2,0.8,0.8,0.1,0.6,0.9,0.7,3.2,0.9,0.7,-1.6,-0.1,1.749285568,2.434,2.441,2.344,2.282,2.23,2.318,2.35,2.346
8,7,196,24.5,28,24.5,28,56,56,0.2,0.9,0.9,0.7,0.3,2,5.6,4.9,2,-4,-4.2,-1.1,5.903388857,2.204,2.246,2.198,2.159,2.125,2.176,2.192,2.193
4,8,112,28,14,28,14,32,32,0.9,0.1,1.1,0.4,0.4,2.1,1.6,4.8,2.1,2,2.4,-1,3.280243893,2.086,2.124,2.11,2.07,2.037,2.148,2.189,2.187
4,3,42,10.5,14,10.5,14,12,12,0.4,0.8,2.8,0.2,0.2,2.3,0.8,2.4,2.3,0.8,-1.8,0.5,2.032240143,1.905,1.948,1.929,1.856,1.783,1.953,2.067,2.109
4,3,42,10.5,14,10.5,14,12,12,0.2,0.8,2.3,0.2,0.6,3,0.8,1.2,3,0,-0.6,-0.7,0.921954446,1.973,2,1.963,1.883,1.813,1.993,2.117,2.162
4,6,84,21,14,21,14,24,24,0.6,0.7,1.7,0.1,0.6,0.6,0.4,2.4,0.6,2,-0.6,1.1,2.360084744,2.026,2.063,2.045,1.994,1.948,2.078,2.153,2.162
7,7,171.5,24.5,24.5,24.5,24.5,49,49,0.6,0.1,1.7,0.2,0.9,1.6,1.4,0.7,1.6,2.8,5.6,0.1,6.261788882,2.265,2.276,2.198,2.148,2.105,2.174,2.192,2.195
7,5,122.5,17.5,24.5,17.5,24.5,35,35,0.9,0.6,2.6,0.5,0.5,3.2,3.5,2.5,3.2,2.8,-0.5,-0.6,2.906888371,2.246,2.244,2.164,2.094,2.039,2.144,2.186,2.188
6,6,126,21,21,21,21,36,36,0.9,0.9,3.3,0.5,0.1,2.7,3,5.4,2.7,2.4,-4.8,0.6,5.4,2.236,2.262,2.168,2.097,2.037,2.149,2.186,2.185
3,5,52.5,17.5,10.5,17.5,10.5,15,15,0.7,0.3,2.1,0.3,0.9,1.3,0.9,0.5,1.3,1.2,3,0.8,3.328663395,1.875,1.925,1.921,1.867,1.824,1.977,2.076,2.105
4,7,98,24.5,14,24.5,14,28,28,0.5,0,0.6,0.3,0,2,1.2,7,2,0.8,0,-1.4,1.61245155,2.214,2.269,2.25,2.175,2.124,2.288,2.379,2.399
6,6,126,21,21,21,21,36,36,0.5,0.5,2.2,0.3,0.6,3.3,1.8,2.4,3.3,1.2,0.6,-1.1,1.734935157,2.225,2.233,2.183,2.125,2.074,2.178,2.234,2.235
3,7,73.5,24.5,10.5,24.5,10.5,21,21,0.8,0.3,2.2,1,0.2,0.5,3,5.6,0.5,-0.6,-0.7,1.7,1.933907961,1.972,2.036,2.056,2.017,1.987,2.118,2.206,2.208
4,5,70,17.5,14,17.5,14,20,20,0.8,0.1,0.9,0.2,0.6,3.4,0.8,2,3.4,2.4,2.5,-2.5,4.273172124,1.937,1.989,1.975,1.918,1.87,2.014,2.097,2.113
3,4,42,14,10.5,14,10.5,12,12,0.7,0,2.6,0.9,0.1,2.4,2.7,3.6,2.4,-0.6,0.4,0.2,0.748331477,1.987,2.01,1.962,1.884,1.823,2.012,2.149,2.2
6,7,147,24.5,21,24.5,21,42,42,0.7,0.4,2.7,0.3,0.1,1.1,1.8,6.3,1.1,2.4,-2.1,1.6,3.567912555,2.21,2.205,2.182,2.135,2.092,2.185,2.215,2.214
6,5,105,17.5,21,17.5,21,30,30,0.4,0.9,0.5,0.2,0.2,2.5,1.2,4,2.5,1.2,-3.5,-2,4.205948169,2.153,2.175,2.141,2.082,2.023,2.157,2.216,2.219
7,5,122.5,17.5,24.5,17.5,24.5,35,35,0.7,0.8,2,0.6,0.1,1.5,4.2,4.5,1.5,0.7,-3.5,0.5,3.604164258,2.121,2.181,2.151,2.096,2.045,2.146,2.201,2.2
4,7,98,24.5,14,24.5,14,28,28,0.9,0.3,0.9,0.9,0.3,1.5,3.6,4.9,1.5,0,0,-0.6,0.6,2.253,2.325,2.307,2.235,2.174,2.336,2.435,2.448
5,6,105,21,17.5,21,17.5,30,30,0.5,0.2,0.3,0.9,0.2,2,4.5,4.8,2,-2,0,-1.7,2.62488095,2.127,2.157,2.122,2.064,2.013,2.139,2.203,2.212
3,5,52.5,17.5,10.5,17.5,10.5,15,15,0.2,0.2,1.5,0.9,0.6,2.9,2.7,2,2.9,-2.1,2,-1.4,3.220248438,1.876,1.926,1.925,1.866,1.82,1.977,2.081,2.107
4,7,98,24.5,14,24.5,14,28,28,0.1,0.4,0.5,0.9,0.5,3.1,3.6,3.5,3.1,-3.2,0.7,-2.6,4.182104733,2.096,2.14,2.113,2.056,2.025,2.132,2.199,2.198
6,4,84,14,21,14,21,24,24,0.6,0.6,2.3,0.3,0.9,0.5,1.8,0.4,0.5,1.8,1.2,1.8,2.814249456,2.137,2.141,2.092,2.034,1.971,2.091,2.157,2.161
4,5,70,17.5,14,17.5,14,20,20,0.1,0.5,2.8,0.2,0.5,1.9,0.8,2.5,1.9,-0.4,0,0.9,0.98488578,2.147,2.15,2.081,2.001,1.932,2.093,2.201,2.228
4,8,112,28,14,28,14,32,32,0.1,0.7,3.1,0.3,0.4,0.1,1.2,4.8,0.1,-0.8,-2.4,3,3.924283374,2.067,2.119,2.102,2.07,2.038,2.142,2.182,2.182
8,6,168,21,28,21,28,48,48,1,0.1,2.1,0.7,0.3,0.3,5.6,4.2,0.3,2.4,1.2,1.8,3.231098884,2.189,2.2,2.18,2.142,2.103,2.191,2.227,2.233
4,5,70,17.5,14,17.5,14,20,20,0.4,1,2.2,0.2,1,3.2,0.8,0,3.2,0.8,0,-1,1.280624847,2.197,2.221,2.159,2.074,2.006,2.182,2.311,2.34
5,4,70,14,17.5,14,17.5,20,20,0.5,0.2,0.7,0.4,0.2,3.2,2,3.2,3.2,0.5,0,-2.5,2.549509757,2.103,2.124,2.078,2.001,1.931,2.084,2.181,2.198
4,6,84,21,14,21,14,24,24,0.8,0.2,2.9,0.6,0.9,2.7,2.4,0.6,2.7,0.8,4.2,0.2,4.280186912,2.122,2.117,2.058,1.993,1.948,2.08,2.157,2.166
6,7,147,24.5,21,24.5,21,42,42,0,0.7,0.3,0.8,0.5,1.7,4.8,3.5,1.7,-4.8,-1.4,-1.4,5.192301994,2.114,2.155,2.153,2.116,2.071,2.163,2.176,2.183
5,8,140,28,17.5,28,17.5,40,40,0.8,0.6,3,0.8,0.8,1.5,4,1.6,1.5,0,1.6,1.5,2.19317122,2.177,2.225,2.217,2.171,2.139,2.243,2.283,2.274
3,4,42,14,10.5,14,10.5,12,12,0.9,0.3,1.8,0.7,0.6,0.3,2.1,1.6,0.3,0.6,1.2,1.5,2.01246118,1.833,1.868,1.876,1.817,1.769,1.935,2.047,2.091
7,5,122.5,17.5,24.5,17.5,24.5,35,35,0.6,0.6,1.5,0.7,0.4,1.5,4.9,3,1.5,-0.7,-1,0,1.220655562,2.189,2.227,2.204,2.143,2.086,2.213,2.273,2.273
8,5,140,17.5,28,17.5,28,40,40,1,0.5,0.7,0,0.6,3,0,2,3,8,0.5,-2.3,8.339064696,2.351,2.329,2.24,2.169,2.118,2.192,2.226,2.216
5,3,52.5,10.5,17.5,10.5,17.5,15,15,0.5,0.3,3.2,0.8,0.9,0.3,4,0.3,0.3,-1.5,1.8,2.9,3.728270376,2.04,2.05,1.999,1.933,1.86,2.023,2.121,2.138
7,6,147,21,24.5,21,24.5,42,42,0.3,0,2.6,0,0.6,2.2,0,2.4,2.2,2.1,3.6,0.4,4.186884283,2.32,2.381,2.309,2.254,2.186,2.301,2.328,2.327
6,7,147,24.5,21,24.5,21,42,42,0.8,0.2,0.5,0.7,0.5,1.6,4.2,3.5,1.6,0.6,2.1,-1.1,2.445403852,2.34,2.328,2.222,2.17,2.127,2.216,2.242,2.242
7,6,147,21,24.5,21,24.5,42,42,0.6,0.4,2.1,0.9,0.3,0.3,6.3,4.2,0.3,-2.1,-0.6,1.8,2.83019434,2.258,2.272,2.219,2.162,2.117,2.204,2.231,2.227
4,5,70,17.5,14,17.5,14,20,20,0.7,0.6,1.3,0.1,0.1,2.4,0.4,4.5,2.4,2.4,-2.5,-1.1,3.635931793,2.032,2.037,2,1.938,1.886,2.028,2.104,2.122
5,6,105,21,17.5,21,17.5,30,30,0.1,0.7,1.7,0,0.2,3.3,0,4.8,3.3,0.5,-3,-1.6,3.436568055,2.103,2.125,2.13,2.068,2.019,2.148,2.204,2.215
4,7,98,24.5,14,24.5,14,28,28,0.9,0.7,3.3,0.6,0.1,2.2,2.4,6.3,2.2,1.2,-4.2,1.1,4.504442252,2.124,2.133,2.065,2.005,1.971,2.091,2.151,2.156
4,5,70,17.5,14,17.5,14,20,20,0.4,0.2,3.3,0.6,1,1.9,2.4,0,1.9,-0.8,4,1.4,4.312771731,2.091,2.083,2.014,1.945,1.899,2.045,2.124,2.134
7,4,98,14,24.5,14,24.5,28,28,0.6,0.2,3,0.1,0.5,0.1,0.7,2,0.1,3.5,1.2,2.9,4.701063709,2.072,2.091,2.079,2.017,1.964,2.078,2.13,2.133
5,6,105,21,17.5,21,17.5,30,30,0.2,1,3.3,0.2,0.7,3.2,1,1.8,3.2,0,-1.8,0.1,1.802775638,2.251,2.26,2.175,2.118,2.062,2.2,2.265,2.274
6,8,168,28,21,28,21,48,48,0.2,1,0.6,0.9,0.8,2.8,5.4,1.6,2.8,-4.2,-1.6,-2.2,5.003998401,2.218,2.208,2.153,2.119,2.096,2.168,2.191,2.18
7,4,98,14,24.5,14,24.5,28,28,0.9,0.3,2.8,0.1,0.5,1,0.7,2,1,5.6,0.8,1.8,5.936328832,2.111,2.135,2.118,2.061,1.994,2.113,2.167,2.168
4,4,56,14,14,14,14,16,16,0.3,0.5,1.4,0.7,0.8,2,2.8,0.8,2,-1.6,1.2,-0.6,2.088061302,1.957,1.981,1.966,1.899,1.837,1.997,2.098,2.124
4,4,56,14,14,14,14,16,16,0.6,0,2.5,0.3,0.5,1.6,1.2,2,1.6,1.2,2,0.9,2.5,1.887,1.939,1.951,1.89,1.833,1.998,2.098,2.129
4,7,98,24.5,14,24.5,14,28,28,0.8,0.6,0.5,0.5,0.6,1.7,2,2.8,1.7,1.2,0,-1.2,1.697056275,2.125,2.173,2.137,2.08,2.045,2.16,2.225,2.231
6,5,105,17.5,21,17.5,21,30,30,1,0.2,1.1,0,0.7,3.2,0,1.5,3.2,6,2.5,-2.1,6.830812543,2.29,2.296,2.169,2.094,2.014,2.129,2.196,2.204
7,6,147,21,24.5,21,24.5,42,42,0.8,0.2,0.7,0.5,0.5,1.8,3.5,3,1.8,2.1,1.8,-1.1,2.976575213,2.196,2.238,2.2,2.156,2.113,2.219,2.232,2.23
7,3,73.5,10.5,24.5,10.5,24.5,21,21,0.6,0.3,0.5,0.4,0.7,0.5,2.8,0.9,0.5,1.4,1.2,0,1.843908891,2.01,2.064,2.083,2.028,1.963,2.098,2.177,2.179
8,4,112,14,28,14,28,32,32,0.3,1,2.6,0.7,0.2,1.6,5.6,3.2,1.6,-3.2,-3.2,1,4.634652091,2.094,2.149,2.186,2.123,2.051,2.167,2.217,2.209
4,6,84,21,14,21,14,24,24,0.5,0.9,2.3,0.3,0.9,1.2,1.2,0.6,1.2,0.8,0,1.1,1.360147051,2.111,2.157,2.117,2.056,2.005,2.145,2.225,2.236
6,5,105,17.5,21,17.5,21,30,30,0.6,0,2.7,0.9,0.1,3,5.4,4.5,3,-1.8,0.5,-0.3,1.892088793,2.226,2.232,2.182,2.117,2.054,2.196,2.274,2.281
6,4,84,14,21,14,21,24,24,0,0.9,1.1,0.4,0.5,1.4,2.4,2,1.4,-2.4,-1.6,-0.3,2.9,2.169,2.185,2.132,2.045,1.969,2.116,2.195,2.204
5,7,122.5,24.5,17.5,24.5,17.5,35,35,0.6,0.8,2.8,0.1,0.7,1.4,0.5,2.1,1.4,2.5,-0.7,1.4,2.949576241,2.158,2.198,2.158,2.102,2.056,2.159,2.197,2.205
8,3,84,10.5,28,10.5,28,24,24,0.4,0.1,2.5,0.9,0.4,0.7,7.2,1.8,0.7,-4,0.9,1.8,4.477722635,2.134,2.152,2.115,2.066,1.999,2.108,2.174,2.161
4,5,70,17.5,14,17.5,14,20,20,0.4,1,2,0.4,0.7,1.7,1.6,1.5,1.7,0,-1.5,0.3,1.529705854,1.995,2.045,2.032,1.964,1.914,2.064,2.16,2.179
5,4,70,14,17.5,14,17.5,20,20,0.2,0.1,1.4,0.3,0.5,0.4,1.5,2,0.4,-0.5,1.6,1,1.95192213,1.947,2.008,2.018,1.96,1.906,2.061,2.157,2.18
7,7,171.5,24.5,24.5,24.5,24.5,49,49,0.8,0.1,0.5,1,0,0.7,7,7,0.7,-1.4,-0.7,-0.2,1.577973384,2.618,2.596,2.517,2.453,2.397,2.573,2.673,2.654
4,3,42,10.5,14,10.5,14,12,12,0.6,0.9,0.4,0,0.1,2.3,0,2.7,2.3,2.4,-2.4,-1.9,3.889730068,2.055,2.019,1.933,1.866,1.8,1.966,2.08,2.123
5,8,140,28,17.5,28,17.5,40,40,0.1,0.7,0.1,0,0.7,2,0,2.4,2,0.5,0,-1.9,1.96468827,2.393,2.39,2.385,2.304,2.249,2.42,2.487,2.483
7,5,122.5,17.5,24.5,17.5,24.5,35,35,0.2,0.7,1.4,0.2,0.3,2.6,1.4,3.5,2.6,0,-2,-1.2,2.332380758,2.247,2.267,2.209,2.144,2.083,2.191,2.236,2.237
6,4,84,14,21,14,21,24,24,0.6,1,1.9,0,0.2,2.6,0,3.2,2.6,3.6,-3.2,-0.7,4.867237409,2.217,2.246,2.172,2.1,2.013,2.152,2.228,2.235
7,5,122.5,17.5,24.5,17.5,24.5,35,35,0.9,0.8,2.9,0.8,0,2.2,5.6,5,2.2,0.7,-4,0.7,4.120679556,2.254,2.298,2.213,2.148,2.082,2.193,2.233,2.23
5,5,87.5,17.5,17.5,17.5,17.5,25,25,0.5,0.7,1.1,0.9,0.5,2.6,4.5,2.5,2.6,-2,-1,-1.5,2.692582404,2.08,2.113,2.08,2.015,1.958,2.093,2.168,2.173
3,5,52.5,17.5,10.5,17.5,10.5,15,15,0.5,0.1,2.7,0.5,0.2,1.9,1.5,4,1.9,0,0.5,0.8,0.943398113,1.953,2,1.981,1.921,1.877,2.034,2.144,2.177
5,5,87.5,17.5,17.5,17.5,17.5,25,25,0.7,0.4,1.5,0.9,0.9,0.5,4.5,0.5,0.5,-1,2.5,1,2.872281323,2.231,2.222,2.103,2.031,1.967,2.098,2.171,2.184
8,3,84,10.5,28,10.5,28,24,24,0.4,0.6,2.2,0.9,0.9,2.8,7.2,0.3,2.8,-4,0.9,-0.6,4.143669871,2.163,2.166,2.137,2.072,2.011,2.123,2.179,2.171
7,5,122.5,17.5,24.5,17.5,24.5,35,35,0.1,0.9,2.2,0.3,0,1.5,2.1,5,1.5,-1.4,-4.5,0.7,4.7644517,2.028,2.098,2.103,2.058,2.009,2.114,2.156,2.161
4,6,84,21,14,21,14,24,24,0.4,0.7,2.2,0.9,0.6,1.7,3.6,2.4,1.7,-2,-0.6,0.5,2.147091055,1.984,2.035,2.041,1.984,1.944,2.079,2.147,2.16
7,4,98,14,24.5,14,24.5,28,28,0.1,0.3,0.5,0.7,0.1,2.3,4.9,3.6,2.3,-4.2,-0.8,-1.8,4.638965402,2.149,2.16,2.109,2.052,1.997,2.12,2.179,2.184
3,5,52.5,17.5,10.5,17.5,10.5,15,15,0.4,0.9,3.2,0.6,0.7,1.6,1.8,1.5,1.6,-0.6,-1,1.6,1.979898987,1.862,1.929,1.954,1.906,1.863,2.028,2.131,2.157
5,5,87.5,17.5,17.5,17.5,17.5,25,25,0.6,0.6,2,0.3,0.4,3.2,1.5,3,3.2,1.5,-1,-1.2,2.165640783,2.099,2.143,2.102,2.041,1.983,2.122,2.194,2.202
6,5,105,17.5,21,17.5,21,30,30,1,0.1,2.7,0.5,0.4,1.3,3,3,1.3,3,1.5,1.4,3.634556369,2.044,2.099,2.093,2.043,1.99,2.11,2.174,2.188
7,8,196,28,24.5,28,24.5,56,56,0.6,0.5,1.3,0.8,0.9,3.4,5.6,0.8,3.4,-1.4,3.2,-2.1,4.075536774,2.277,2.277,2.207,2.178,2.143,2.197,2.2,2.19
6,4,84,14,21,14,21,24,24,0.1,1,3.2,0.9,0.9,3.4,5.4,0.4,3.4,-4.8,-0.4,-0.2,4.820788317,2.093,2.081,2.045,2.011,1.955,2.085,2.148,2.153
8,7,196,24.5,28,24.5,28,56,56,1,0.6,0.6,0.2,0.3,2.6,1.6,4.9,2.6,6.4,-2.1,-2,7.026378868,2.438,2.436,2.274,2.227,2.173,2.232,2.239,2.229
6,4,84,14,21,14,21,24,24,0.8,0.8,1.4,0.7,0.4,2.9,4.2,2.4,2.9,0.6,-1.6,-1.5,2.2737634,1.991,2.042,2.06,1.999,1.942,2.081,2.156,2.165
6,5,105,17.5,21,17.5,21,30,30,0.5,0.6,2,0.3,0.3,0.7,1.8,3.5,0.7,1.2,-1.5,1.3,2.319482701,2.221,2.231,2.169,2.104,2.035,2.166,2.223,2.224
8,6,168,21,28,21,28,48,48,0.1,0.8,3.3,0.4,0.6,0.9,3.2,2.4,0.9,-2.4,-1.2,2.4,3.6,2.176,2.244,2.241,2.192,2.158,2.235,2.281,2.274
5,6,105,21,17.5,21,17.5,30,30,0.3,0.8,2.9,0.9,0.1,2.3,4.5,5.4,2.3,-3,-4.2,0.6,5.196152423,2.091,2.108,2.075,2.028,1.985,2.091,2.146,2.152
5,6,105,21,17.5,21,17.5,30,30,0.5,0.9,0.2,0.7,0.2,1,3.5,4.8,1,-1,-4.2,-0.8,4.39089968,2.11,2.142,2.099,2.044,1.988,2.101,2.165,2.171
8,6,168,21,28,21,28,48,48,0.6,0.9,1.1,0.2,0.8,2,1.6,1.2,2,3.2,-0.6,-0.9,3.377869151,2.218,2.252,2.229,2.177,2.136,2.218,2.241,2.231
6,4,84,14,21,14,21,24,24,1,0.8,2.8,0.9,0.5,3.2,5.4,2,3.2,0.6,-1.2,-0.4,1.4,2.186,2.17,2.156,2.085,2.017,2.167,2.263,2.276
8,6,168,21,28,21,28,48,48,0,0.7,1.1,0.5,0.8,3.3,4,1.2,3.3,-4,0.6,-2.2,4.604345773,2.187,2.197,2.207,2.168,2.121,2.207,2.233,2.23
4,4,56,14,14,14,14,16,16,0.5,0.8,1.9,1,0.7,3.2,4,1.2,3.2,-2,-0.4,-1.3,2.418677324,1.956,1.986,1.962,1.9,1.841,2.004,2.113,2.139
6,6,126,21,21,21,21,36,36,0.2,0.6,1.8,0.4,0.7,1.3,2.4,1.8,1.3,-1.2,0.6,0.5,1.431782106,2.176,2.215,2.176,2.123,2.076,2.187,2.245,2.239
5,7,122.5,24.5,17.5,24.5,17.5,35,35,0.6,0.3,1.3,0.7,0.9,1.9,3.5,0.7,1.9,-0.5,4.2,-0.6,4.272001873,2.166,2.189,2.109,2.059,2.024,2.115,2.149,2.152
7,3,73.5,10.5,24.5,10.5,24.5,21,21,0.6,0.8,1.9,0.9,0.9,3.1,6.3,0.3,3.1,-2.1,0.3,-1.2,2.437211521,2.322,2.284,2.19,2.099,2.017,2.153,2.23,2.224
8,3,84,10.5,28,10.5,28,24,24,0.9,0,0.9,0.7,0.2,0.9,5.6,2.4,0.9,1.6,0.6,0,1.708800749,2.168,2.215,2.195,2.148,2.079,2.199,2.265,2.256
8,6,168,21,28,21,28,48,48,0.2,1,1.7,0.5,0,0.5,4,6,0.5,-2.4,-6,1.2,6.57267069,2.291,2.27,2.194,2.14,2.119,2.183,2.191,2.198
6,4,84,14,21,14,21,24,24,0.8,0.5,0.5,0.3,0.3,0.8,1.8,2.8,0.8,3,-0.8,-0.3,3.119294792,2.082,2.105,2.072,2.01,1.947,2.075,2.144,2.157
3,8,84,28,10.5,28,10.5,24,24,0.5,0.1,0.9,0.3,0,2.5,0.9,8,2.5,0.6,-0.8,-1.6,1.886796226,2.028,2.103,2.13,2.087,2.062,2.203,2.272,2.272
4,7,98,24.5,14,24.5,14,28,28,0.4,0,0.6,0.2,0,1.2,0.8,7,1.2,0.8,0,-0.6,1,2.14,2.262,2.31,2.235,2.17,2.351,2.473,2.502
5,3,52.5,10.5,17.5,10.5,17.5,15,15,0.7,1,0.8,0.8,0.3,2.6,4,2.1,2.6,-0.5,-2.1,-1.8,2.810693865,2.068,2.097,2.038,1.961,1.879,2.032,2.126,2.146
8,4,112,14,28,14,28,32,32,0.4,0.6,1.4,0.1,0.9,3.2,0.8,0.4,3.2,2.4,1.2,-1.8,3.231098884,2.224,2.229,2.183,2.122,2.053,2.166,2.217,2.211
4,6,84,21,14,21,14,24,24,1,0.8,3.3,0.6,0.1,3.2,2.4,5.4,3.2,1.6,-4.2,0.1,4.495553359,2.073,2.082,2.051,1.991,1.957,2.087,2.182,2.187
4,7,98,24.5,14,24.5,14,28,28,0.9,1,3.1,0.3,0.1,0.6,1.2,6.3,0.6,2.4,-6.3,2.5,7.190271205,1.966,2.025,2.032,2,1.98,2.073,2.115,2.122
8,6,168,21,28,21,28,48,48,0.4,0.9,2.2,0.9,0.6,1.8,7.2,2.4,1.8,-4,-1.8,0.4,4.404543109,2.241,2.23,2.15,2.114,2.082,2.132,2.161,2.16
4,5,70,17.5,14,17.5,14,20,20,0.6,0.3,0.7,0.5,0.9,1.1,2,0.5,1.1,0.4,3,-0.4,3.052867504,1.999,2.036,2.002,1.939,1.888,2.028,2.117,2.138
6,4,84,14,21,14,21,24,24,0.5,0.9,0.7,0.6,0.1,2.3,3.6,3.6,2.3,-0.6,-3.2,-1.6,3.627671429,2.071,2.119,2.107,2.044,1.978,2.118,2.192,2.194
7,7,171.5,24.5,24.5,24.5,24.5,49,49,0,1,1.7,0.1,0.8,3.3,0.7,1.4,3.3,-0.7,-1.4,-1.6,2.238302929,2.309,2.353,2.358,2.309,2.265,2.368,2.402,2.392
8,4,112,14,28,14,28,32,32,0.5,0,3,0.6,0.4,2.4,4.8,2.4,2.4,-0.8,1.6,0.6,1.886796226,2.176,2.229,2.233,2.163,2.092,2.221,2.287,2.285
3,3,31.5,10.5,10.5,10.5,10.5,9,9,0.6,0.6,1.6,1,0.1,0.5,3,2.7,0.5,-1.2,-1.5,1.1,2.213594362,1.775,1.803,1.819,1.755,1.693,1.882,2.007,2.056
3,4,42,14,10.5,14,10.5,12,12,0.5,0.4,1,0.3,0.9,0.4,0.9,0.4,0.4,0.6,2,0.6,2.172556098,1.874,1.906,1.89,1.832,1.784,1.949,2.06,2.099
5,7,122.5,24.5,17.5,24.5,17.5,35,35,0.5,0.6,2,0.2,0.5,0.7,1,3.5,0.7,1.5,-0.7,1.3,2.104756518,2.117,2.157,2.137,2.086,2.039,2.15,2.194,2.192
5,6,105,21,17.5,21,17.5,30,30,0,0.7,3.3,0.9,0.1,1.9,4.5,5.4,1.9,-4.5,-3.6,1.4,5.930430001,2.107,2.141,2.09,2.029,1.978,2.097,2.158,2.168
4,8,112,28,14,28,14,32,32,0.9,0.2,0.9,0.9,0.1,2.2,3.6,7.2,2.2,0,-0.8,-1.3,1.526433752,2.106,2.166,2.176,2.122,2.08,2.21,2.277,2.285
4,4,56,14,14,14,14,16,16,1,0.6,0.7,0.6,0.6,3,2.4,1.6,3,1.6,0,-2.3,2.801785145,1.987,2.016,1.979,1.914,1.859,2.014,2.11,2.132
8,6,168,21,28,21,28,48,48,0.8,0.1,2.9,0,1,2.7,0,0,2.7,6.4,5.4,0.2,8.376156637,2.446,2.312,2.178,2.13,2.115,2.175,2.207,2.197
5,7,122.5,24.5,17.5,24.5,17.5,35,35,1,0.3,0.4,0.9,0.9,3.3,4.5,0.7,3.3,0.5,4.2,-2.9,5.128352562,2.116,2.132,2.098,2.049,2.011,2.11,2.162,2.159
5,7,122.5,24.5,17.5,24.5,17.5,35,35,0.1,0.3,0.5,1,0.5,3.2,5,3.5,3.2,-4.5,1.4,-2.7,5.431390246,2.194,2.187,2.136,2.098,2.059,2.147,2.187,2.18
5,8,140,28,17.5,28,17.5,40,40,0.2,0.7,2.5,1,0.2,1.9,5,6.4,1.9,-4,-4,0.6,5.688585061,2.451,2.384,2.185,2.123,2.07,2.152,2.175,2.178
4,5,70,17.5,14,17.5,14,20,20,0,1,2,0.4,0.6,3.2,1.6,2,3.2,-1.6,-2,-1.2,2.828427125,1.987,2.026,2.01,1.946,1.895,2.046,2.128,2.145
4,7,98,24.5,14,24.5,14,28,28,0.1,0.9,2.9,0.9,0.1,2.3,3.6,6.3,2.3,-3.2,-5.6,0.6,6.477653896,2.103,2.128,2.081,2.032,1.993,2.11,2.167,2.169
6,4,84,14,21,14,21,24,24,0.3,0,1.4,0.5,0.5,0.4,3,2,0.4,-1.2,2,1,2.537715508,2.132,2.162,2.106,2.039,1.972,2.106,2.183,2.191
3,7,73.5,24.5,10.5,24.5,10.5,21,21,0.6,0.7,0.5,0.2,1,0.8,0.6,0,0.8,1.2,2.1,-0.3,2.437211521,1.99,2.041,2.052,2.003,1.965,2.102,2.18,2.195
8,3,84,10.5,28,10.5,28,24,24,0.5,0.4,2.8,1,1,0.6,8,0,0.6,-4,1.8,2.2,4.907137659,2.43,2.405,2.248,2.175,2.076,2.194,2.231,2.217
5,5,87.5,17.5,17.5,17.5,17.5,25,25,0.9,0.8,2.2,1,0,2.6,5,5,2.6,-0.5,-4,-0.4,4.05092582,2.179,2.213,2.13,2.033,1.973,2.107,2.191,2.217
7,3,73.5,10.5,24.5,10.5,24.5,21,21,0.6,0.7,3,0.9,0.3,2.2,6.3,2.1,2.2,-2.1,-1.2,0.8,2.547547841,2.022,2.076,2.086,2.03,1.97,2.102,2.166,2.169
3,4,42,14,10.5,14,10.5,12,12,0.3,0.4,1,0.3,0.4,3.2,0.9,2.4,3.2,0,0,-2.2,2.2,1.815,1.872,1.884,1.825,1.775,1.946,2.058,2.101
8,3,84,10.5,28,10.5,28,24,24,0.3,1,2.9,0.4,0.2,2.3,3.2,2.4,2.3,-0.8,-2.4,0.6,2.6,2.28,2.308,2.236,2.168,2.088,2.193,2.255,2.246
6,8,168,28,21,28,21,48,48,0.8,0.1,3.1,0.9,0.9,1.4,5.4,0.8,1.4,-0.6,6.4,1.7,6.649060084,2.182,2.201,2.172,2.13,2.093,2.181,2.216,2.214
7,7,171.5,24.5,24.5,24.5,24.5,49,49,0.6,0.6,2.1,0.3,0.5,3.2,2.1,3.5,3.2,2.1,-0.7,-1.1,2.471841419,2.258,2.284,2.229,2.177,2.135,2.211,2.234,2.235
5,7,122.5,24.5,17.5,24.5,17.5,35,35,0.3,1,0.3,0.9,0.8,3.3,4.5,1.4,3.3,-3,-1.4,-3,4.467661581,2.259,2.264,2.172,2.098,2.034,2.164,2.218,2.221
7,5,122.5,17.5,24.5,17.5,24.5,35,35,0.9,1,3,0.8,0,2.8,5.6,5,2.8,0.7,-5,0.2,5.052722039,2.073,2.042,2.052,2.012,1.99,2.089,2.112,2.11
3,6,63,21,10.5,21,10.5,18,18,0.6,0.1,0.4,0.8,0.8,0.4,2.4,1.2,0.4,-0.6,4.2,0,4.242640687,2.122,2.09,2.011,1.955,1.912,2.053,2.14,2.156
3,4,42,14,10.5,14,10.5,12,12,0.9,0.2,0.8,0.3,0.9,2,0.9,0.4,2,1.8,2.8,-1.2,3.538361203,1.9,1.927,1.882,1.813,1.759,1.928,2.04,2.086
4,5,70,17.5,14,17.5,14,20,20,0,0.4,2.7,0.1,0.8,2.5,0.4,1,2.5,-0.4,2,0.2,2.049390153,2.141,2.151,2.061,1.978,1.913,2.063,2.153,2.177
3,7,73.5,24.5,10.5,24.5,10.5,21,21,0.4,0.5,2.2,0.8,0.7,0.3,2.4,2.1,0.3,-1.2,1.4,1.9,2.647640459,2.01,2.062,2.047,1.998,1.974,2.096,2.174,2.181
6,7,147,24.5,21,24.5,21,42,42,0.8,0.2,0.5,0.7,0.5,1.5,4.2,3.5,1.5,0.6,2.1,-1,2.40208243,2.244,2.237,2.19,2.139,2.105,2.174,2.207,2.205
5,6,105,21,17.5,21,17.5,30,30,0.1,0.8,2.6,0.9,0.1,2.1,4.5,5.4,2.1,-4,-4.2,0.5,5.821511831,2.098,2.146,2.101,2.043,1.992,2.099,2.151,2.152
6,5,105,17.5,21,17.5,21,30,30,0.6,0.9,1.1,0.9,0.5,3.2,5.4,2.5,3.2,-1.8,-2,-2.1,3.413209633,2.073,2.104,2.099,2.043,1.996,2.116,2.176,2.186
8,3,84,10.5,28,10.5,28,24,24,0.9,0,0.2,0.9,0.3,0.9,7.2,2.1,0.9,0,0.9,-0.7,1.140175425,2.505,2.453,2.336,2.257,2.167,2.323,2.405,2.393
4,8,112,28,14,28,14,32,32,0.7,0.8,2.6,0.1,1,1.7,0.4,0,1.7,2.4,1.6,0.9,3.021588986,2.174,2.222,2.156,2.095,2.064,2.175,2.232,2.23
4,6,84,21,14,21,14,24,24,0.1,0.9,0.5,0.1,1,2.2,0.4,0,2.2,0,0.6,-1.7,1.802775638,2.053,2.113,2.125,2.061,2.007,2.185,2.291,2.306
5,7,122.5,24.5,17.5,24.5,17.5,35,35,0.2,1,2,0.4,0.4,3.2,2,4.2,3.2,-1,-4.2,-1.2,4.4810713,2.147,2.208,2.171,2.112,2.066,2.171,2.227,2.233
8,6,168,21,28,21,28,48,48,0.5,0.8,1.7,0.7,0.1,0.6,5.6,5.4,0.6,-1.6,-4.2,1.1,4.627094121,2.192,2.211,2.163,2.126,2.083,2.157,2.163,2.17
4,8,112,28,14,28,14,32,32,0.1,0.7,0.1,0.2,0.6,3.4,0.8,3.2,3.4,-0.4,-0.8,-3.3,3.419064199,2.211,2.21,2.147,2.096,2.053,2.16,2.217,2.22
5,5,87.5,17.5,17.5,17.5,17.5,25,25,0.8,0.1,0.3,0,0.3,1.8,0,3.5,1.8,4,1,-1.5,4.387482194,2.035,2.103,2.068,2.01,1.961,2.106,2.192,2.201
5,4,70,14,17.5,14,17.5,20,20,0.1,0.3,3.2,0.1,0.8,0.1,0.5,0.8,0.1,0,2,3.1,3.689173349,2.054,2.079,2.044,1.977,1.916,2.063,2.145,2.153
7,8,196,28,24.5,28,24.5,56,56,0.6,0.5,0.2,0,0.1,2.5,0,7.2,2.5,4.2,-3.2,-2.3,5.75934024,2.409,2.379,2.204,2.157,2.139,2.169,2.175,2.163
5,5,87.5,17.5,17.5,17.5,17.5,25,25,0.4,0.9,3,0.8,0.1,0.5,4,4.5,0.5,-2,-4,2.5,5.123475383,2.014,2.051,2.034,1.984,1.931,2.054,2.12,2.129
5,7,122.5,24.5,17.5,24.5,17.5,35,35,0.2,0.4,0.8,0.7,0.9,2,3.5,0.7,2,-2.5,3.5,-1.2,4.465422712,2.178,2.218,2.164,2.101,2.048,2.162,2.205,2.201
8,3,84,10.5,28,10.5,28,24,24,0.9,0.8,1.5,0.9,1,3.2,7.2,0,3.2,0,0.6,-1.7,1.802775638,2.184,2.249,2.275,2.199,2.11,2.261,2.341,2.323
7,7,171.5,24.5,24.5,24.5,24.5,49,49,0.7,0.2,0.5,0.9,0.5,3,6.3,3.5,3,-1.4,2.1,-2.5,3.552463934,2.432,2.393,2.25,2.182,2.142,2.208,2.234,2.228
5,8,140,28,17.5,28,17.5,40,40,0.7,0.1,2.8,0.9,0.8,2.6,4.5,1.6,2.6,-1,5.6,0.2,5.692099788,2.348,2.304,2.165,2.115,2.078,2.158,2.194,2.19
6,8,168,28,21,28,21,48,48,0.7,0.2,0.9,0.7,0.7,1.8,4.2,2.4,1.8,0,4,-0.9,4.1,2.267,2.261,2.194,2.152,2.109,2.203,2.233,2.235
6,4,84,14,21,14,21,24,24,1,0.2,1.6,0,0.5,3.2,0,2,3.2,6,1.2,-1.6,6.32455532,2.083,2.126,2.096,2.052,1.998,2.122,2.193,2.196
6,5,105,17.5,21,17.5,21,30,30,0.9,0,2.9,0.9,0.1,3,5.4,4.5,3,0,0.5,-0.1,0.509901951,2.222,2.298,2.38,2.314,2.244,2.457,2.618,2.628
4,5,70,17.5,14,17.5,14,20,20,0.6,0,2.7,0.4,0.2,3,1.6,4,3,0.8,1,-0.3,1.315294644,1.961,1.993,2.003,1.95,1.906,2.054,2.141,2.163
7,8,196,28,24.5,28,24.5,56,56,1,0.2,0.5,1,0,0.7,7,8,0.7,0,-1.6,-0.2,1.61245155,2.439,2.54,2.658,2.562,2.459,2.701,2.872,2.86
5,8,140,28,17.5,28,17.5,40,40,0.2,0.9,0.1,0.7,0.2,1.3,3.5,6.4,1.3,-2.5,-5.6,-1.2,6.24899992,2.129,2.156,2.111,2.07,2.024,2.12,2.149,2.144
4,5,70,17.5,14,17.5,14,20,20,0.6,0.6,0.6,0.9,0.9,1.7,3.6,0.5,1.7,-1.2,1.5,-1.1,2.213594362,2.013,2.06,2.027,1.96,1.906,2.055,2.145,2.159
7,6,147,21,24.5,21,24.5,42,42,0.8,0,0.9,0.9,0.4,3,6.3,3.6,3,-0.7,2.4,-2.1,3.264965543,2.249,2.26,2.228,2.168,2.119,2.222,2.268,2.266
7,8,196,28,24.5,28,24.5,56,56,0.4,0,1.7,0.2,0.8,0.4,1.4,1.6,0.4,1.4,6.4,1.3,6.679071792,2.19,2.211,2.165,2.126,2.1,2.149,2.178,2.166
3,8,84,28,10.5,28,10.5,24,24,0.6,0.9,1.5,0.2,0.6,3,0.6,3.2,3,1.2,-2.4,-1.5,3.07408523,2.013,2.058,2.043,2.004,1.975,2.083,2.138,2.137
3,3,31.5,10.5,10.5,10.5,10.5,9,9,0.2,0.3,0.2,0.8,1,1.5,2.4,0,1.5,-1.8,2.1,-1.3,3.056141358,1.757,1.808,1.817,1.76,1.704,1.881,2.004,2.058
7,8,196,28,24.5,28,24.5,56,56,0.9,0.3,1.7,0.9,1,3.4,6.3,0,3.4,0,5.6,-1.7,5.852349955,2.207,2.192,2.153,2.125,2.108,2.158,2.171,2.167
4,4,56,14,14,14,14,16,16,0.9,0.8,1.9,1,0.7,3.3,4,1.2,3.3,-0.4,-0.4,-1.4,1.509966887,2.053,2.059,2.02,1.947,1.884,2.064,2.166,2.203
7,5,122.5,17.5,24.5,17.5,24.5,35,35,0,1,2.9,0.4,0.8,3.1,2.8,1,3.1,-2.8,-1,-0.2,2.979932885,2.259,2.264,2.199,2.14,2.053,2.192,2.245,2.248
7,7,171.5,24.5,24.5,24.5,24.5,49,49,0.2,0.6,1.2,0.5,0.1,0.7,3.5,6.3,0.7,-2.1,-3.5,0.5,4.112177039,2.253,2.273,2.193,2.148,2.103,2.181,2.2,2.199
4,4,56,14,14,14,14,16,16,0.8,0,3.2,0.3,0.7,3,1.2,1.2,3,2,2.8,0.2,3.446737588,2.014,2.029,1.981,1.912,1.852,2.018,2.127,2.153
5,8,140,28,17.5,28,17.5,40,40,0.1,0.7,0.1,0,0.5,1.6,0,4,1.6,0.5,-1.6,-1.5,2.249444376,2.304,2.367,2.34,2.25,2.203,2.353,2.445,2.42
8,3,84,10.5,28,10.5,28,24,24,0.8,1,3.2,0.8,0.9,2.9,6.4,0.3,2.9,0,-0.3,0.3,0.424264069,2.343,2.354,2.275,2.204,2.138,2.276,2.366,2.359
4,5,70,17.5,14,17.5,14,20,20,0,0.6,3,0.2,1,3.2,0.8,0,3.2,-0.8,2,-0.2,2.163330765,2.098,2.109,2.05,1.982,1.914,2.063,2.151,2.174
4,4,56,14,14,14,14,16,16,0.4,0.2,0.9,0.9,1,2.2,3.6,0,2.2,-2,3.2,-1.3,3.991240409,1.856,1.932,1.953,1.889,1.836,1.991,2.088,2.11
5,5,87.5,17.5,17.5,17.5,17.5,25,25,0.3,0.4,3.3,0.7,1,0.8,3.5,0,0.8,-2,3,2.5,4.387482194,1.943,2.017,2.006,1.964,1.915,2.044,2.11,2.12
7,5,122.5,17.5,24.5,17.5,24.5,35,35,0.2,0.8,2.6,0.2,0.3,2.5,1.4,3.5,2.5,0,-2.5,0.1,2.501999201,2.164,2.178,2.158,2.098,2.048,2.162,2.218,2.217
3,7,73.5,24.5,10.5,24.5,10.5,21,21,0.9,0.8,0.5,0.1,0.6,1.9,0.3,2.8,1.9,2.4,-1.4,-1.4,3.111269837,2.008,2.06,2.033,1.983,1.947,2.086,2.176,2.189
4,7,98,24.5,14,24.5,14,28,28,1,0.1,2.9,0.9,0.8,0.7,3.6,1.4,0.7,0.4,4.9,2.2,5.386093204,2.032,2.067,2.038,1.996,1.971,2.081,2.14,2.151
8,6,168,21,28,21,28,48,48,0.4,0.3,0.5,1,0,1.1,8,6,1.1,-4.8,-1.8,-0.6,5.16139516,2.442,2.475,2.325,2.255,2.205,2.27,2.281,2.263
6,4,84,14,21,14,21,24,24,0.1,0.5,2.9,1,0.7,1.6,6,1.2,1.6,-5.4,0.8,1.3,5.611595139,2.155,2.18,2.115,2.043,1.972,2.1,2.184,2.194
4,6,84,21,14,21,14,24,24,0.8,1,3.1,1,0.9,3.4,4,0.6,3.4,-0.8,-0.6,-0.3,1.044030651,2.207,2.248,2.269,2.184,2.106,2.298,2.449,2.482
8,8,224,28,28,28,28,64,64,1,0,1.9,0.2,0.3,0.1,1.6,5.6,0.1,6.4,2.4,1.8,7.068238819,2.692,2.573,2.301,2.252,2.229,2.246,2.262,2.235
8,6,168,21,28,21,28,48,48,0,1,1.7,0.8,0,0.2,6.4,6,0.2,-6.4,-6,1.5,8.9,2.014,2.17,2.215,2.168,2.105,2.2,2.286,2.26
4,3,42,10.5,14,10.5,14,12,12,0.2,0.2,1.2,0.9,0.2,3.3,3.6,2.4,3.3,-2.8,0,-2.1,3.5,1.891,1.935,1.927,1.861,1.79,1.96,2.069,2.103
7,8,196,28,24.5,28,24.5,56,56,0.8,0.2,0.5,0.1,0.9,0.5,0.7,0.8,0.5,4.9,5.6,0,7.441102069,2.342,2.304,2.176,2.14,2.092,2.143,2.156,2.16
4,4,56,14,14,14,14,16,16,0.6,0,3.3,0.1,0.9,0.4,0.4,0.4,0.4,2,3.6,2.9,5.036864104,1.96,1.992,1.961,1.9,1.844,1.994,2.091,2.115
3,4,42,14,10.5,14,10.5,12,12,0.7,0.9,2.9,0.1,0.7,0.8,0.3,1.2,0.8,1.8,-0.8,2.1,2.87923601,1.836,1.882,1.883,1.829,1.783,1.951,2.064,2.099
6,7,147,24.5,21,24.5,21,42,42,0.2,0.1,0.2,0.1,0.8,1,0.6,1.4,1,0.6,4.9,-0.8,5.0009999,2.215,2.223,2.157,2.113,2.075,2.155,2.18,2.186
6,7,147,24.5,21,24.5,21,42,42,1,0.2,1.7,0.7,0.1,3,4.2,6.3,3,1.8,-0.7,-1.3,2.328089345,2.264,2.324,2.248,2.174,2.127,2.231,2.285,2.27
7,3,73.5,10.5,24.5,10.5,24.5,21,21,0.2,0.7,1.9,0.9,0.9,3.1,6.3,0.3,3.1,-4.9,0.6,-1.2,5.080354318,2.018,2.066,2.079,2.013,1.948,2.076,2.139,2.147
5,5,87.5,17.5,17.5,17.5,17.5,25,25,0.1,0.2,3,0.1,0.6,3.1,0.5,2,3.1,0,2,-0.1,2.002498439,2.174,2.186,2.124,2.047,1.987,2.128,2.213,2.224
4,7,98,24.5,14,24.5,14,28,28,0,0.7,3.1,0.3,0.7,0.1,1.2,2.1,0.1,-1.2,0,3,3.231098884,2.104,2.146,2.122,2.082,2.049,2.165,2.218,2.201
4,5,70,17.5,14,17.5,14,20,20,0.7,0.9,0.5,0.1,0.4,0.6,0.4,3,0.6,2.4,-2.5,-0.1,3.466987165,2.039,2.05,2.005,1.944,1.89,2.039,2.125,2.144
3,4,42,14,10.5,14,10.5,12,12,0.2,0.9,3.3,1,0.8,3,3,0.8,3,-2.4,-0.4,0.3,2.451530134,2.009,2.011,1.941,1.872,1.824,2.004,2.117,2.155
3,6,63,21,10.5,21,10.5,18,18,0.5,0.4,2,0.2,0.2,0.7,0.6,4.8,0.7,0.9,-1.2,1.3,1.984943324,1.962,2.007,1.991,1.937,1.896,2.04,2.13,2.151
8,7,196,24.5,28,24.5,28,56,56,0.3,0,2.8,0,0.8,2.6,0,1.4,2.6,2.4,5.6,0.2,6.095900262,2.367,2.388,2.227,2.191,2.153,2.194,2.186,2.185
6,4,84,14,21,14,21,24,24,1,0.2,1.1,0,0.7,3.2,0,1.2,3.2,6,2,-2.1,6.664082833,2.012,2.075,2.077,2.001,1.941,2.07,2.133,2.145
6,7,147,24.5,21,24.5,21,42,42,0.2,1,0.3,0.9,0.8,2.7,5.4,1.4,2.7,-4.2,-1.4,-2.4,5.035871325,2.312,2.322,2.202,2.132,2.083,2.176,2.217,2.214
3,5,52.5,17.5,10.5,17.5,10.5,15,15,0.1,0.2,2.3,0.9,0.6,3.3,2.7,2,3.3,-2.4,2,-1,3.280243893,1.992,2.001,1.946,1.879,1.831,1.985,2.095,2.127
8,6,168,21,28,21,28,48,48,1,0.5,1.3,0,0.3,3,0,4.2,3,8,-1.2,-1.7,8.266196223,2.219,2.2,2.149,2.111,2.075,2.12,2.127,2.139
5,3,52.5,10.5,17.5,10.5,17.5,15,15,0.9,0.2,3.3,0.7,0.8,0.2,3.5,0.6,0.2,1,1.8,3.1,3.721558813,2.016,2.026,1.991,1.927,1.859,2.004,2.093,2.124
8,4,112,14,28,14,28,32,32,1,0.9,3,0.4,0.7,2,3.2,1.2,2,4.8,-0.8,1,4.967896939,2.608,2.553,2.363,2.252,2.159,2.265,2.319,2.293
4,7,98,24.5,14,24.5,14,28,28,0.5,0.4,1.3,1,0.6,1,4,2.8,1,-2,1.4,0.3,2.459674775,2.167,2.179,2.118,2.055,2.016,2.131,2.193,2.205
4,4,56,14,14,14,14,16,16,0.4,0,1.1,0.9,1,1.9,3.6,0,1.9,-2,4,-0.8,4.543126677,1.98,2.02,1.97,1.905,1.844,1.996,2.088,2.114
4,5,70,17.5,14,17.5,14,20,20,0.4,0.1,0.9,0.9,1,1.7,3.6,0,1.7,-2,4.5,-0.8,4.988987873,1.943,2.002,2.012,1.951,1.896,2.054,2.146,2.164
4,3,42,10.5,14,10.5,14,12,12,0.6,0.4,0.9,1,0.2,1.5,4,2.4,1.5,-1.6,-0.6,-0.6,1.811077028,1.872,1.908,1.917,1.846,1.777,1.952,2.069,2.105
8,7,196,24.5,28,24.5,28,56,56,1,0.1,2.8,1,1,0.7,8,0,0.7,0,6.3,2.1,6.640783086,2.33,2.331,2.187,2.151,2.136,2.178,2.199,2.179
5,4,70,14,17.5,14,17.5,20,20,0.9,0.9,1.1,0.3,0.8,0.4,1.5,0.8,0.4,3,-0.4,0.7,3.106444913,2.099,2.105,2.046,1.976,1.912,2.058,2.145,2.163
4,5,70,17.5,14,17.5,14,20,20,0.1,0.9,3,1,0,2,4,5,2,-3.6,-4.5,1,5.848931526,2.086,2.095,2.032,1.95,1.891,2.037,2.15,2.17
7,4,98,14,24.5,14,24.5,28,28,0.8,0.2,1.4,0.7,0.6,0.3,4.9,1.6,0.3,0.7,1.6,1.1,2.063976744,2.093,2.127,2.139,2.088,2.024,2.157,2.217,2.218
3,8,84,28,10.5,28,10.5,24,24,1,0.2,0.8,0.9,0,0.4,2.7,8,0.4,0.3,-1.6,0.4,1.676305461,2.149,2.214,2.25,2.189,2.135,2.317,2.427,2.437
4,8,112,28,14,28,14,32,32,0,0.4,3.1,0.6,0.9,0.1,2.4,0.8,0.1,-2.4,4,3,5.54616985,2.105,2.12,2.08,2.029,1.992,2.106,2.158,2.166
7,6,147,21,24.5,21,24.5,42,42,0.9,0.8,2.6,0.5,0.9,3,3.5,0.6,3,2.8,0.6,-0.4,2.891366459,2.419,2.375,2.229,2.171,2.116,2.199,2.225,2.219
4,8,112,28,14,28,14,32,32,0.6,0.4,3,0.3,0.1,1.7,1.2,7.2,1.7,1.2,-2.4,1.3,2.981610303,2.113,2.145,2.109,2.064,2.024,2.132,2.189,2.193
5,6,105,21,17.5,21,17.5,30,30,0,0.6,3.3,1,0,2.6,5,6,2.6,-5,-3.6,0.7,6.200806399,2.087,2.124,2.112,2.081,2.054,2.182,2.25,2.244
8,5,140,17.5,28,17.5,28,40,40,1,0,1.2,0.7,0.6,0.2,5.6,2,0.2,2.4,3,1,3.969886648,2.195,2.181,2.151,2.121,2.095,2.179,2.206,2.203
7,3,73.5,10.5,24.5,10.5,24.5,21,21,0.9,0.8,0.9,0.9,1,3.3,6.3,0,3.3,0,0.6,-2.4,2.473863375,2.212,2.181,2.126,2.066,2.001,2.141,2.224,2.226
4,4,56,14,14,14,14,16,16,0.1,1,1.9,0.9,0.5,3.2,3.6,2,3.2,-3.2,-2,-1.3,3.991240409,1.943,1.967,1.96,1.897,1.839,1.99,2.092,2.118
4,3,42,10.5,14,10.5,14,12,12,0.1,1,2.2,0.1,0.6,2.8,0.4,1.2,2.8,0,-1.2,-0.6,1.341640787,1.984,2.018,1.97,1.898,1.822,1.998,2.12,2.158
7,8,196,28,24.5,28,24.5,56,56,0.9,0.3,0.9,1,0.3,1.6,7,5.6,1.6,-0.7,0,-0.7,0.989949494,2.397,2.444,2.472,2.421,2.37,2.491,2.563,2.561
3,6,63,21,10.5,21,10.5,18,18,0.3,0.8,2.5,0.2,0,2.5,0.6,6,2.5,0.3,-4.8,0,4.809365863,1.996,2.015,1.98,1.93,1.889,2.017,2.098,2.122
7,4,98,14,24.5,14,24.5,28,28,0.2,1,0.7,0.7,0,2.8,4.9,4,2.8,-3.5,-4,-2.1,5.714892825,2.038,2.058,2.05,2.005,1.955,2.05,2.103,2.106
8,8,224,28,28,28,28,64,64,1,0.5,3,0,0.9,1.3,0,0.8,1.3,8,3.2,1.7,8.782368701,2.497,2.494,2.284,2.248,2.201,2.224,2.182,2.178
7,4,98,14,24.5,14,24.5,28,28,0.4,0.6,1.3,0.9,0.9,3.4,6.3,0.4,3.4,-3.5,1.2,-2.1,4.254409477,2.159,2.177,2.13,2.068,1.999,2.119,2.166,2.168
6,8,168,28,21,28,21,48,48,0,0.9,2.8,1,0.5,1.8,6,4,1.8,-6,-3.2,1,6.873136111,1.979,2.054,2.079,2.043,2.007,2.062,2.076,2.098
5,5,87.5,17.5,17.5,17.5,17.5,25,25,1,0.9,1.1,0,0.4,1.8,0,3,1.8,5,-2.5,-0.7,5.633826408,2.255,2.228,2.115,2.035,1.966,2.105,2.174,2.186
4,6,84,21,14,21,14,24,24,0.2,0.3,2.2,0.5,0.9,3,2,0.6,3,-1.2,3.6,-0.8,3.878143886,2.075,2.102,2.057,2,1.955,2.084,2.159,2.164
4,7,98,24.5,14,24.5,14,28,28,0.5,0,0.9,0,0,1,0,7,1,2,0,-0.1,2.002498439,2.186,2.285,2.32,2.235,2.172,2.367,2.494,2.5
6,5,105,17.5,21,17.5,21,30,30,0.9,1,3,0.6,0,3.2,3.6,5,3.2,1.8,-5,-0.2,5.31789432,1.892,1.953,2.031,2.003,1.959,2.087,2.14,2.144
3,7,73.5,24.5,10.5,24.5,10.5,21,21,1,0.9,3.4,1,0.9,3.4,3,0.7,3.4,0,0,0,0,nan,nan,nan,nan,nan,nan,nan,nan
4,5,70,17.5,14,17.5,14,20,20,0.6,1,2.1,0.4,0.9,0.8,1.6,0.5,0.8,0.8,-0.5,1.3,1.60623784,2.009,2.037,2.02,1.97,1.923,2.066,2.148,2.16
6,7,147,24.5,21,24.5,21,42,42,0,0.9,2.1,0,0,3.4,0,7,3.4,0,-6.3,-1.3,6.432728814,2.421,2.356,2.232,2.136,2.091,2.192,2.252,2.245
4,8,112,28,14,28,14,32,32,0.7,0.7,0.1,0.8,1,0.5,3.2,0,0.5,-0.4,2.4,-0.4,2.465765601,2.191,2.276,2.268,2.206,2.142,2.287,2.359,2.377
4,7,98,24.5,14,24.5,14,28,28,0.6,0.9,1.7,0.1,0.6,0.2,0.4,2.8,0.2,2,-2.1,1.5,3.264965543,2.102,2.134,2.082,2.025,1.99,2.093,2.153,2.151
6,7,147,24.5,21,24.5,21,42,42,1,0.3,1.7,0.9,0,3.1,5.4,7,3.1,0.6,-2.1,-1.4,2.594224354,2.343,2.386,2.303,2.233,2.184,2.287,2.344,2.355
8,4,112,14,28,14,28,32,32,0.9,0,0.8,0.9,0,2.9,7.2,4,2.9,0,0,-2.1,2.1,2.192,2.276,2.249,2.21,2.139,2.293,2.395,2.392
4,6,84,21,14,21,14,24,24,1,0.2,3.2,0.2,1,3.4,0.8,0,3.4,3.2,4.8,-0.2,5.772347876,2.137,2.1,2.035,1.983,1.935,2.061,2.143,2.151
3,3,31.5,10.5,10.5,10.5,10.5,9,9,0.5,0.3,0.5,0.5,0.9,0.5,1.5,0.3,0.5,0,1.8,0,1.8,1.893,1.886,1.828,1.762,1.703,1.877,2.005,2.059
7,4,98,14,24.5,14,24.5,28,28,0.9,0.1,0.8,0.3,0.6,2.7,2.1,1.6,2.7,4.2,2,-1.9,5.024937811,2.184,2.192,2.107,2.052,1.987,2.09,2.149,2.149
7,3,73.5,10.5,24.5,10.5,24.5,21,21,0.6,0.9,3.2,0.1,1,2.4,0.7,0,2.4,3.5,0.3,0.8,3.602776707,2.125,2.112,2.074,2.022,1.967,2.1,2.185,2.192
3,6,63,21,10.5,21,10.5,18,18,0.4,1,1.1,0.3,0.1,1.6,0.9,5.4,1.6,0.3,-5.4,-0.5,5.431390246,1.907,1.956,1.96,1.907,1.879,2.009,2.092,2.111
7,4,98,14,24.5,14,24.5,28,28,0.3,0.2,2.8,0.1,0.1,0.1,0.7,3.6,0.1,1.4,-0.4,2.7,3.06757233,2.194,2.216,2.147,2.087,2.023,2.146,2.217,2.22
8,3,84,10.5,28,10.5,28,24,24,0.8,0,0.1,1,0.5,1.6,8,1.5,1.6,-1.6,1.5,-1.5,2.657066051,2.058,2.155,2.239,2.177,2.092,2.25,2.348,2.339
8,7,196,24.5,28,24.5,28,56,56,0.8,0.3,0.6,0.6,0.5,0.2,4.8,3.5,0.2,1.6,1.4,0.4,2.163330765,2.211,2.266,2.255,2.216,2.174,2.26,2.296,2.298
5,7,122.5,24.5,17.5,24.5,17.5,35,35,0.1,0.7,0.5,0.8,0.3,3,4,4.9,3,-3.5,-2.8,-2.5,5.132250968,2.071,2.128,2.107,2.055,2.023,2.13,2.182,2.183
6,6,126,21,21,21,21,36,36,0.4,0.5,3.4,0.4,0.5,0.9,2.4,3,0.9,0,0,2.5,2.5,2.257,2.257,2.192,2.131,2.08,2.194,2.229,2.227
4,5,70,17.5,14,17.5,14,20,20,0.2,0.3,3.1,0.7,0.9,1,2.8,0.5,1,-2,3,2.1,4.172529209,2.156,2.135,2.022,1.947,1.883,2.028,2.106,2.13
3,7,73.5,24.5,10.5,24.5,10.5,21,21,0.2,0.3,2.6,0.8,0.2,0.7,2.4,5.6,0.7,-1.8,-0.7,1.9,2.709243437,2.062,2.084,2.032,1.983,1.952,2.072,2.142,2.153
5,6,105,21,17.5,21,17.5,30,30,0.8,0.5,3.2,0.6,0.5,0.4,3,3,0.4,1,0,2.8,2.973213749,2.138,2.154,2.11,2.054,2.005,2.124,2.187,2.189
4,8,112,28,14,28,14,32,32,0,0.4,2.1,0.7,0.7,2.8,2.8,2.4,2.8,-2.8,2.4,-0.7,3.753664876,2.21,2.177,2.102,2.06,2.019,2.125,2.17,2.165
4,3,42,10.5,14,10.5,14,12,12,0.7,0.7,2.2,0.6,1,2.5,2.4,0,2.5,0.4,0.9,-0.3,1.029563014,1.941,1.977,1.972,1.889,1.815,2.001,2.12,2.165
6,6,126,21,21,21,21,36,36,0.4,0.8,0.7,0.4,0.2,3,2.4,4.8,3,0,-3.6,-2.3,4.272001873,2.129,2.171,2.134,2.076,2.023,2.139,2.175,2.176
3,6,63,21,10.5,21,10.5,18,18,0.2,0.8,0.1,0.3,0.1,0.6,0.9,5.4,0.6,-0.3,-4.2,-0.5,4.240283009,2.028,2.036,1.992,1.939,1.894,2.039,2.128,2.144
8,8,224,28,28,28,28,64,64,0.5,0.7,0.8,0.9,0.7,2.5,7.2,2.4,2.5,-3.2,0,-1.7,3.623534186,2.373,2.381,2.272,2.233,2.189,2.25,2.238,2.24
7,5,122.5,17.5,24.5,17.5,24.5,35,35,0.9,0.4,3.4,0.9,0.6,0.3,6.3,2,0.3,0,1,3.1,3.257299495,2.189,2.24,2.224,2.154,2.096,2.212,2.29,2.288
3,4,42,14,10.5,14,10.5,12,12,0.5,0.8,2,0.1,0.3,1.5,0.3,2.8,1.5,1.2,-2,0.5,2.385372088,1.817,1.862,1.867,1.811,1.763,1.927,2.039,2.078
4,8,112,28,14,28,14,32,32,0.9,0.9,0.4,0.9,0.9,1,3.6,0.8,1,0,0,-0.6,0.6,2.257,2.328,2.358,2.301,2.248,2.428,2.539,2.541
4,7,98,24.5,14,24.5,14,28,28,0.1,0.4,2.8,0.2,0.5,1.7,0.8,3.5,1.7,-0.4,0.7,1.1,1.36381817,2.151,2.19,2.164,2.105,2.059,2.2,2.271,2.286
5,6,105,21,17.5,21,17.5,30,30,0.7,1,1.5,0.2,0.1,2.5,1,5.4,2.5,2.5,-5.4,-1,6.034069937,2.118,2.094,2.06,2.016,1.985,2.096,2.142,2.141
5,5,87.5,17.5,17.5,17.5,17.5,25,25,1,0.1,2.1,0.8,0.1,3.2,4,4.5,3.2,1,0,-1.1,1.486606875,2.242,2.274,2.214,2.125,2.056,2.208,2.321,2.333
8,6,168,21,28,21,28,48,48,0.6,0.7,1.9,0.4,0.9,3,3.2,0.6,3,1.6,1.2,-1.1,2.282542442,2.29,2.307,2.246,2.204,2.154,2.233,2.258,2.254
7,6,147,21,24.5,21,24.5,42,42,0.8,0.2,1.8,0.8,0.5,0.5,5.6,3,0.5,0,1.8,1.3,2.220360331,2.302,2.329,2.268,2.208,2.152,2.256,2.288,2.288
5,5,87.5,17.5,17.5,17.5,17.5,25,25,0.9,0.4,1.5,1,0.9,0.7,5,0.5,0.7,-0.5,2.5,0.8,2.672077843,2.231,2.223,2.121,2.046,1.974,2.11,2.181,2.19
3,7,73.5,24.5,10.5,24.5,10.5,21,21,0.7,0.1,0.7,0.9,0.8,1.8,2.7,1.4,1.8,-0.6,4.9,-1.1,5.057667447,2,2.029,2.001,1.956,1.928,2.042,2.105,2.114
5,3,52.5,10.5,17.5,10.5,17.5,15,15,0.7,0.1,1.7,0.9,0.2,3.1,4.5,2.4,3.1,-1,0.3,-1.4,1.74642492,2.061,2.084,2.042,1.963,1.881,2.052,2.164,2.19
3,5,52.5,17.5,10.5,17.5,10.5,15,15,0.8,0.4,2.8,0.3,0.8,0.9,0.9,1,0.9,1.5,2,1.9,3.140063694,1.898,1.937,1.93,1.876,1.838,1.988,2.085,2.11
5,7,122.5,24.5,17.5,24.5,17.5,35,35,0,0.2,3,0.6,0.1,1.1,3,6.3,1.1,-3,-0.7,1.9,3.619392214,2.178,2.234,2.191,2.133,2.094,2.205,2.26,2.262
4,4,56,14,14,14,14,16,16,0.8,0.3,2.1,0.7,0.3,3.3,2.8,2.8,3.3,0.4,0,-1.2,1.264911064,2.085,2.1,2.022,1.935,1.862,2.029,2.142,2.177
5,5,87.5,17.5,17.5,17.5,17.5,25,25,1,0.8,1.7,0.2,0.7,2.2,1,1.5,2.2,4,-0.5,-0.5,4.062019202,2.067,2.089,2.078,2.012,1.958,2.086,2.163,2.174
8,3,84,10.5,28,10.5,28,24,24,0.3,0,2.3,0.5,0.6,0.9,4,1.2,0.9,-1.6,1.8,1.4,2.785677655,2.265,2.227,2.171,2.095,2.022,2.137,2.21,2.2
7,6,147,21,24.5,21,24.5,42,42,0.1,0.4,1.7,0.5,0.5,0.4,3.5,3,0.4,-2.8,0.6,1.3,3.144837039,2.13,2.151,2.149,2.117,2.072,2.159,2.188,2.182
6,8,168,28,21,28,21,48,48,0.1,0.7,3.4,0.5,0.9,2.2,3,0.8,2.2,-2.4,1.6,1.2,3.12409987,2.235,2.216,2.172,2.125,2.099,2.191,2.215,2.213
4,5,70,17.5,14,17.5,14,20,20,0.5,0.6,3,0.4,0.7,0.4,1.6,1.5,0.4,0.4,0.5,2.6,2.677685568,2,2.047,2.022,1.967,1.915,2.064,2.153,2.171
5,7,122.5,24.5,17.5,24.5,17.5,35,35,0.2,0.3,0.6,1,0.3,0.9,5,4.9,0.9,-4,0,-0.3,4.011234224,2.102,2.127,2.097,2.055,2.017,2.122,2.178,2.18
3,4,42,14,10.5,14,10.5,12,12,0.7,1,1.9,0.4,0.3,2.8,1.2,2.8,2.8,0.9,-2.8,-0.9,3.0757113,1.786,1.847,1.873,1.812,1.761,1.932,2.043,2.084
6,5,105,17.5,21,17.5,21,30,30,0.8,0.4,0.3,0.1,0.8,0.3,0.6,1,0.3,4.2,2,0,4.65188134,2.265,2.238,2.123,2.059,2.003,2.109,2.153,2.151
5,7,122.5,24.5,17.5,24.5,17.5,35,35,0.1,0.6,1.8,0.5,0.9,3.2,2.5,0.7,3.2,-2,2.1,-1.4,3.220248438,2.154,2.184,2.158,2.108,2.075,2.175,2.218,2.218
6,4,84,14,21,14,21,24,24,0.4,0.7,2.3,0.5,0.6,1.8,3,1.6,1.8,-0.6,-0.4,0.5,0.877496439,2.142,2.196,2.165,2.096,2.02,2.166,2.252,2.261
7,4,98,14,24.5,14,24.5,28,28,0.2,0.4,0.4,0.7,0.2,2.8,4.9,3.2,2.8,-3.5,-0.8,-2.4,4.318564576,2.132,2.161,2.109,2.056,1.994,2.11,2.174,2.165
3,6,63,21,10.5,21,10.5,18,18,1,0.4,0.6,0,0.3,0.8,0,4.2,0.8,3,-0.6,-0.2,3.065941943,2.25,2.222,2.096,2.038,1.996,2.121,2.213,2.228
7,4,98,14,24.5,14,24.5,28,28,0.9,0.8,2.6,0.6,0.6,1.6,4.2,1.6,1.6,2.1,-0.8,1,2.459674775,2.041,2.069,2.1,2.052,2.002,2.137,2.208,2.206
6,4,84,14,21,14,21,24,24,0.6,0,3.2,0.2,0.1,2.7,1.2,3.6,2.7,2.4,0.4,0.5,2.48394847,2.22,2.236,2.145,2.078,2.013,2.157,2.255,2.259
3,8,84,28,10.5,28,10.5,24,24,0.3,0.8,0.3,0.7,1,3,2.1,0,3,-1.2,1.6,-2.7,3.360059523,1.994,2.047,2.058,2.008,1.968,2.1,2.181,2.19
6,7,147,24.5,21,24.5,21,42,42,0.9,0.7,1.7,0.6,0.1,2.1,3.6,6.3,2.1,1.8,-4.2,-0.4,4.586937976,2.309,2.323,2.224,2.164,2.117,2.193,2.221,2.23
6,6,126,21,21,21,21,36,36,0.6,0.8,1.7,0.3,0,0.2,1.8,6,0.2,1.8,-4.8,1.5,5.341348144,2.105,2.139,2.098,2.042,2.005,2.1,2.129,2.13
5,5,87.5,17.5,17.5,17.5,17.5,25,25,0.4,0.8,1.8,0.3,0.3,2.6,1.5,3.5,2.6,0.5,-2.5,-0.8,2.672077843,2.008,2.062,2.064,2.006,1.952,2.086,2.159,2.17
4,4,56,14,14,14,14,16,16,0.4,0.3,2.8,0.7,0.2,0.5,2.8,3.2,0.5,-1.2,-0.4,2.3,2.62488095,1.957,1.989,1.97,1.901,1.843,2.004,2.102,2.13
6,8,168,28,21,28,21,48,48,0.9,1,3,0.5,0.3,0.1,3,5.6,0.1,2.4,-5.6,2.9,6.747592163,2.096,2.111,2.069,2.046,2.029,2.107,2.138,2.134
4,3,42,10.5,14,10.5,14,12,12,0.1,0.6,1.5,0.1,0.4,2.7,0.4,1.8,2.7,0,-0.6,-1.2,1.341640787,1.919,1.948,1.936,1.862,1.789,1.959,2.08,2.122
5,8,140,28,17.5,28,17.5,40,40,0.6,0.8,2.7,1,0.1,1.4,5,7.2,1.4,-2,-5.6,1.3,6.086871117,2.048,2.111,2.141,2.102,2.073,2.17,2.227,2.223
6,7,147,24.5,21,24.5,21,42,42,0,0.4,1.9,0.7,0.1,1.7,4.2,6.3,1.7,-4.2,-2.1,0.2,4.7,2.215,2.223,2.175,2.114,2.075,2.166,2.198,2.201
3,6,63,21,10.5,21,10.5,18,18,0.5,0.2,0.7,0.1,0.1,2.4,0.3,5.4,2.4,1.2,-0.6,-1.7,2.165640783,1.998,2.039,2.023,1.968,1.927,2.067,2.156,2.17
8,6,168,21,28,21,28,48,48,0.3,0.4,2.2,0.8,0.1,0.8,6.4,5.4,0.8,-4,-1.8,1.4,4.604345773,2.294,2.284,2.194,2.148,2.109,2.184,2.2,2.201
8,7,196,24.5,28,24.5,28,56,56,0.6,0.2,0.2,0.7,0.1,3,5.6,6.3,3,-0.8,-0.7,-2.8,2.994995826,2.347,2.365,2.3,2.251,2.2,2.292,2.327,2.322
7,6,147,21,24.5,21,24.5,42,42,1,0.8,2.5,0.4,0.2,0.4,2.8,4.8,0.4,4.2,-3.6,2.1,5.916924877,2.072,2.079,2.092,2.065,2.024,2.116,2.152,2.151
6,5,105,17.5,21,17.5,21,30,30,0.2,0.5,0.3,0.3,0.2,3.2,1.8,4,3.2,-0.6,-1.5,-2.9,3.319638535,2.181,2.225,2.177,2.1,2.032,2.173,2.227,2.235
7,4,98,14,24.5,14,24.5,28,28,1,0.8,2.4,0.1,0.3,2.8,0.7,2.8,2.8,6.3,-2,-0.4,6.621933252,2.136,2.138,2.085,2.032,1.978,2.079,2.137,2.143
5,5,87.5,17.5,17.5,17.5,17.5,25,25,0.9,0.2,2.4,0.8,0.4,1.9,4,3,1.9,0.5,1,0.5,1.224744871,2.095,2.14,2.132,2.069,2.001,2.149,2.235,2.245
5,6,105,21,17.5,21,17.5,30,30,0.8,0.1,1.2,0.2,0.8,3.3,1,1.2,3.3,3,4.2,-2.1,5.572252686,2.279,2.252,2.142,2.066,2.003,2.124,2.167,2.168
5,7,122.5,24.5,17.5,24.5,17.5,35,35,0.1,0.5,2.9,0.2,0.4,0.7,1,4.2,0.7,-0.5,-0.7,2.2,2.362202362,2.211,2.229,2.163,2.113,2.071,2.168,2.22,2.217
5,4,70,14,17.5,14,17.5,20,20,0.9,0.7,0.2,0.4,0.9,1.3,2,0.4,1.3,2.5,0.8,-1.1,2.846049894,2.021,2.054,2.032,1.974,1.911,2.063,2.143,2.157
6,5,105,17.5,21,17.5,21,30,30,0.8,0.3,0.3,0.3,0.5,1.5,1.8,2.5,1.5,3,1,-1.2,3.382306905,2.343,2.314,2.171,2.103,2.036,2.154,2.217,2.215
4,8,112,28,14,28,14,32,32,0.7,0.1,1.1,0.9,0.9,1.1,3.6,0.8,1.1,-0.8,6.4,0,6.449806199,2.043,2.087,2.089,2.045,2.016,2.109,2.149,2.147
6,7,147,24.5,21,24.5,21,42,42,0.8,0.1,2.1,0.8,0.4,1.3,4.8,4.2,1.3,0,2.1,0.8,2.247220505,2.155,2.196,2.172,2.137,2.094,2.194,2.228,2.227
6,4,84,14,21,14,21,24,24,0.2,0.2,3,0.3,0.7,0.5,1.8,1.2,0.5,-0.6,2,2.5,3.257299495,2.273,2.241,2.113,2.042,1.976,2.104,2.156,2.167
5,4,70,14,17.5,14,17.5,20,20,0.5,0.6,2.3,0.6,0.3,2.6,3,2.8,2.6,-0.5,-1.2,-0.3,1.334166406,2.071,2.092,2.052,1.988,1.919,2.074,2.165,2.183
6,4,84,14,21,14,21,24,24,0.4,0.5,0.8,0.3,0.1,1.5,1.8,3.6,1.5,0.6,-1.6,-0.7,1.846618531,2.049,2.096,2.095,2.039,1.975,2.105,2.179,2.19
7,7,171.5,24.5,24.5,24.5,24.5,49,49,0.7,0.5,2.3,0.6,0.8,0.2,4.2,1.4,0.2,0.7,2.1,2.1,3.05122926,2.28,2.274,2.208,2.166,2.129,2.196,2.214,2.208
5,4,70,14,17.5,14,17.5,20,20,0.2,0.6,2.4,0.4,0.3,2,2,2.8,2,-1,-1.2,0.4,1.61245155,2.05,2.073,2.057,1.987,1.919,2.078,2.159,2.173
8,3,84,10.5,28,10.5,28,24,24,0.3,0.2,2.3,0.1,0.3,1.8,0.8,2.1,1.8,1.6,0.3,0.5,1.702938637,2.211,2.209,2.159,2.1,2.031,2.157,2.224,2.217
4,6,84,21,14,21,14,24,24,0.7,0.2,0.8,0.5,0.6,2.5,2,2.4,2.5,0.8,2.4,-1.7,3.047950131,2.093,2.119,2.053,1.994,1.949,2.082,2.165,2.172
4,7,98,24.5,14,24.5,14,28,28,0.2,0.8,3.2,0.8,0.2,0.8,3.2,5.6,0.8,-2.4,-4.2,2.4,5.4,2.103,2.121,2.064,2.012,1.972,2.084,2.142,2.151
4,6,84,21,14,21,14,24,24,0.8,0.1,2.2,0.2,0.7,0.2,0.8,1.8,0.2,2.4,3.6,2,4.766550115,2.016,2.058,2.048,1.985,1.935,2.076,2.157,2.166
7,4,98,14,24.5,14,24.5,28,28,0.6,0.3,1,0.7,0.4,2.2,4.9,2.4,2.2,-0.7,0.4,-1.2,1.445683229,2.236,2.235,2.182,2.115,2.053,2.179,2.241,2.24
5,5,87.5,17.5,17.5,17.5,17.5,25,25,0.4,0.9,0.6,0.8,0.7,0.2,4,1.5,0.2,-2,-1,0.4,2.271563338,2.264,2.234,2.12,2.049,1.986,2.12,2.193,2.207
7,8,196,28,24.5,28,24.5,56,56,0.2,1,1.4,0,0.6,0.3,0,3.2,0.3,1.4,-3.2,1.1,3.661966685,2.248,2.241,2.257,2.212,2.171,2.256,2.244,2.252
4,7,98,24.5,14,24.5,14,28,28,0.5,0.6,2.9,1,0.7,0.9,4,2.1,0.9,-2,0.7,2,2.913760457,2.09,2.13,2.1,2.056,2.012,2.138,2.197,2.203
6,8,168,28,21,28,21,48,48,0.6,0.1,2.1,0.2,0.5,2.3,1.2,4,2.3,2.4,3.2,-0.2,4.004996879,2.261,2.265,2.176,2.124,2.095,2.159,2.174,2.175
4,6,84,21,14,21,14,24,24,0.6,0.3,2.7,0.2,0.6,2.1,0.8,2.4,2.1,1.6,1.8,0.6,2.481934729,1.99,2.042,2.053,2.001,1.959,2.086,2.16,2.162
7,6,147,21,24.5,21,24.5,42,42,0.7,0.2,2.1,0.9,0.3,2.1,6.3,4.2,2.1,-1.4,0.6,0,1.523154621,2.33,2.353,2.268,2.208,2.157,2.251,2.306,2.299
4,4,56,14,14,14,14,16,16,0.3,0.8,1,0.1,0.2,1.2,0.4,3.2,1.2,0.8,-2.4,-0.2,2.537715508,1.909,1.96,1.972,1.899,1.837,2.001,2.108,2.139
7,8,196,28,24.5,28,24.5,56,56,0.2,0.8,0.8,0.1,0.6,0.9,0.7,3.2,0.9,0.7,-1.6,-0.1,1.749285568,2.19,2.247,2.256,2.223,2.191,2.25,2.278,2.271
8,7,196,24.5,28,24.5,28,56,56,0.2,0.9,0.9,0.7,0.3,2,5.6,4.9,2,-4,-4.2,-1.1,5.903388857,2.353,2.337,2.238,2.192,2.149,2.203,2.212,2.213
4,8,112,28,14,28,14,32,32,0.9,0.1,1.1,0.4,0.4,2.1,1.6,4.8,2.1,2,2.4,-1,3.280243893,2.142,2.181,2.132,2.078,2.047,2.139,2.182,2.181
4,3,42,10.5,14,10.5,14,12,12,0.4,0.8,2.8,0.2,0.2,2.3,0.8,2.4,2.3,0.8,-1.8,0.5,2.032240143,1.884,1.916,1.921,1.858,1.795,1.967,2.078,2.114
4,3,42,10.5,14,10.5,14,12,12,0.2,0.8,2.3,0.2,0.6,3,0.8,1.2,3,0,-0.6,-0.7,0.921954446,2.043,2.039,1.967,1.889,1.811,1.987,2.114,2.155
4,6,84,21,14,21,14,24,24,0.6,0.7,1.7,0.1,0.6,0.6,0.4,2.4,0.6,2,-0.6,1.1,2.360084744,2.084,2.101,2.065,2.012,1.963,2.096,2.169,2.184
7,7,171.5,24.5,24.5,24.5,24.5,49,49,0.6,0.1,1.7,0.2,0.9,1.6,1.4,0.7,1.6,2.8,5.6,0.1,6.261788882,2.21,2.216,2.16,2.121,2.079,2.149,2.173,2.167
7,5,122.5,17.5,24.5,17.5,24.5,35,35,0.9,0.6,2.6,0.5,0.5,3.2,3.5,2.5,3.2,2.8,-0.5,-0.6,2.906888371,2.448,2.415,2.241,2.173,2.101,2.2,2.231,2.226
6,6,126,21,21,21,21,36,36,0.9,0.9,3.3,0.5,0.1,2.7,3,5.4,2.7,2.4,-4.8,0.6,5.4,2.268,2.293,2.209,2.15,2.093,2.208,2.246,2.246
3,5,52.5,17.5,10.5,17.5,10.5,15,15,0.7,0.3,2.1,0.3,0.9,1.3,0.9,0.5,1.3,1.2,3,0.8,3.328663395,1.859,1.908,1.909,1.856,1.817,1.962,2.059,2.089
4,7,98,24.5,14,24.5,14,28,28,0.5,0,0.6,0.3,0,2,1.2,7,2,0.8,0,-1.4,1.61245155,2.142,2.2,2.199,2.135,2.092,2.252,2.356,2.37
6,6,126,21,21,21,21,36,36,0.5,0.5,2.2,0.3,0.6,3.3,1.8,2.4,3.3,1.2,0.6,-1.1,1.734935157,2.277,2.283,2.212,2.145,2.083,2.207,2.266,2.267
3,7,73.5,24.5,10.5,24.5,10.5,21,21,0.8,0.3,2.2,1,0.2,0.5,3,5.6,0.5,-0.6,-0.7,1.7,1.933907961,2.044,2.089,2.081,2.025,1.998,2.138,2.221,2.224
4,5,70,17.5,14,17.5,14,20,20,0.8,0.1,0.9,0.2,0.6,3.4,0.8,2,3.4,2.4,2.5,-2.5,4.273172124,2.093,2.088,2.027,1.958,1.901,2.044,2.124,2.148
3,4,42,14,10.5,14,10.5,12,12,0.7,0,2.6,0.9,0.1,2.4,2.7,3.6,2.4,-0.6,0.4,0.2,0.748331477,1.801,1.881,1.921,1.862,1.81,1.997,2.131,2.177
6,7,147,24.5,21,24.5,21,42,42,0.7,0.4,2.7,0.3,0.1,1.1,1.8,6.3,1.1,2.4,-2.1,1.6,3.567912555,2.248,2.249,2.163,2.115,2.08,2.154,2.189,2.189
6,5,105,17.5,21,17.5,21,30,30,0.4,0.9,0.5,0.2,0.2,2.5,1.2,4,2.5,1.2,-3.5,-2,4.205948169,2.082,2.141,2.116,2.064,2.014,2.142,2.207,2.207
7,5,122.5,17.5,24.5,17.5,24.5,35,35,0.7,0.8,2,0.6,0.1,1.5,4.2,4.5,1.5,0.7,-3.5,0.5,3.604164258,2.18,2.205,2.141,2.09,2.044,2.14,2.195,2.193
4,7,98,24.5,14,24.5,14,28,28,0.9,0.3,0.9,0.9,0.3,1.5,3.6,4.9,1.5,0,0,-0.6,0.6,2.192,2.252,2.256,2.182,2.129,2.297,2.394,2.406
5,6,105,21,17.5,21,17.5,30,30,0.5,0.2,0.3,0.9,0.2,2,4.5,4.8,2,-2,0,-1.7,2.62488095,2.199,2.227,2.154,2.087,2.024,2.156,2.226,2.235
3,5,52.5,17.5,10.5,17.5,10.5,15,15,0.2,0.2,1.5,0.9,0.6,2.9,2.7,2,2.9,-2.1,2,-1.4,3.220248438,1.868,1.923,1.925,1.866,1.817,1.976,2.072,2.105
4,7,98,24.5,14,24.5,14,28,28,0.1,0.4,0.5,0.9,0.5,3.1,3.6,3.5,3.1,-3.2,0.7,-2.6,4.182104733,2.053,2.098,2.067,2.015,1.972,2.083,2.15,2.156
6,4,84,14,21,14,21,24,24,0.6,0.6,2.3,0.3,0.9,0.5,1.8,0.4,0.5,1.8,1.2,1.8,2.814249456,2.216,2.218,2.121,2.047,1.976,2.108,2.183,2.189
4,5,70,17.5,14,17.5,14,20,20,0.1,0.5,2.8,0.2,0.5,1.9,0.8,2.5,1.9,-0.4,0,0.9,0.98488578,1.955,2.033,2.042,1.976,1.918,2.08,2.183,2.206
4,8,112,28,14,28,14,32,32,0.1,0.7,3.1,0.3,0.4,0.1,1.2,4.8,0.1,-0.8,-2.4,3,3.924283374,2.04,2.089,2.094,2.054,2.027,2.138,2.185,2.177
8,6,168,21,28,21,28,48,48,1,0.1,2.1,0.7,0.3,0.3,5.6,4.2,0.3,2.4,1.2,1.8,3.231098884,2.186,2.226,2.174,2.147,2.115,2.209,2.236,2.226
4,5,70,17.5,14,17.5,14,20,20,0.4,1,2.2,0.2,1,3.2,0.8,0,3.2,0.8,0,-1,1.280624847,2.088,2.157,2.149,2.065,1.999,2.18,2.312,2.343
5,4,70,14,17.5,14,17.5,20,20,0.5,0.2,0.7,0.4,0.2,3.2,2,3.2,3.2,0.5,0,-2.5,2.549509757,2.063,2.086,2.059,1.984,1.92,2.077,2.162,2.175
4,6,84,21,14,21,14,24,24,0.8,0.2,2.9,0.6,0.9,2.7,2.4,0.6,2.7,0.8,4.2,0.2,4.280186912,2.211,2.209,2.097,2.028,1.974,2.1,2.181,2.194
6,7,147,24.5,21,24.5,21,42,42,0,0.7,0.3,0.8,0.5,1.7,4.8,3.5,1.7,-4.8,-1.4,-1.4,5.192301994,2.203,2.236,2.143,2.103,2.069,2.146,2.18,2.173
5,8,140,28,17.5,28,17.5,40,40,0.8,0.6,3,0.8,0.8,1.5,4,1.6,1.5,0,1.6,1.5,2.19317122,2.384,2.341,2.209,2.154,2.113,2.2,2.215,2.217
3,4,42,14,10.5,14,10.5,12,12,0.9,0.3,1.8,0.7,0.6,0.3,2.1,1.6,0.3,0.6,1.2,1.5,2.01246118,1.856,1.89,1.891,1.832,1.787,1.952,2.061,2.103
7,5,122.5,17.5,24.5,17.5,24.5,35,35,0.6,0.6,1.5,0.7,0.4,1.5,4.9,3,1.5,-0.7,-1,0,1.220655562,2.087,2.154,2.17,2.124,2.068,2.19,2.257,2.254
8,5,140,17.5,28,17.5,28,40,40,1,0.5,0.7,0,0.6,3,0,2,3,8,0.5,-2.3,8.339064696,2.378,2.363,2.259,2.19,2.132,2.235,2.244,2.248
5,3,52.5,10.5,17.5,10.5,17.5,15,15,0.5,0.3,3.2,0.8,0.9,0.3,4,0.3,0.3,-1.5,1.8,2.9,3.728270376,2.085,2.084,2.029,1.951,1.876,2.042,2.147,2.168
7,6,147,21,24.5,21,24.5,42,42,0.3,0,2.6,0,0.6,2.2,0,2.4,2.2,2.1,3.6,0.4,4.186884283,2.06,2.11,2.129,2.109,2.095,2.174,2.218,2.208
6,7,147,24.5,21,24.5,21,42,42,0.8,0.2,0.5,0.7,0.5,1.6,4.2,3.5,1.6,0.6,2.1,-1.1,2.445403852,2.236,2.264,2.208,2.142,2.102,2.199,2.248,2.246
7,6,147,21,24.5,21,24.5,42,42,0.6,0.4,2.1,0.9,0.3,0.3,6.3,4.2,0.3,-2.1,-0.6,1.8,2.83019434,2.248,2.277,2.212,2.15,2.104,2.197,2.235,2.228
4,5,70,17.5,14,17.5,14,20,20,0.7,0.6,1.3,0.1,0.1,2.4,0.4,4.5,2.4,2.4,-2.5,-1.1,3.635931793,2.102,2.113,2.047,1.966,1.907,2.055,2.139,2.162
5,6,105,21,17.5,21,17.5,30,30,0.1,0.7,1.7,0,0.2,3.3,0,4.8,3.3,0.5,-3,-1.6,3.436568055,2.131,2.17,2.152,2.089,2.034,2.174,2.252,2.266
4,7,98,24.5,14,24.5,14,28,28,0.9,0.7,3.3,0.6,0.1,2.2,2.4,6.3,2.2,1.2,-4.2,1.1,4.504442252,2.237,2.241,2.135,2.057,2.005,2.125,2.193,2.193
4,5,70,17.5,14,17.5,14,20,20,0.4,0.2,3.3,0.6,1,1.9,2.4,0,1.9,-0.8,4,1.4,4.312771731,2.024,2.07,2.007,1.941,1.882,2.029,2.121,2.143
7,4,98,14,24.5,14,24.5,28,28,0.6,0.2,3,0.1,0.5,0.1,0.7,2,0.1,3.5,1.2,2.9,4.701063709,2.16,2.171,2.107,2.047,1.989,2.109,2.167,2.166
5,6,105,21,17.5,21,17.5,30,30,0.2,1,3.3,0.2,0.7,3.2,1,1.8,3.2,0,-1.8,0.1,1.802775638,2.236,2.244,2.168,2.104,2.048,2.186,2.268,2.274
6,8,168,28,21,28,21,48,48,0.2,1,0.6,0.9,0.8,2.8,5.4,1.6,2.8,-4.2,-1.6,-2.2,5.003998401,2.267,2.281,2.219,2.169,2.128,2.223,2.256,2.244
7,4,98,14,24.5,14,24.5,28,28,0.9,0.3,2.8,0.1,0.5,1,0.7,2,1,5.6,0.8,1.8,5.936328832,1.977,2.004,2.021,1.979,1.937,2.041,2.094,2.1
4,4,56,14,14,14,14,16,16,0.3,0.5,1.4,0.7,0.8,2,2.8,0.8,2,-1.6,1.2,-0.6,2.088061302,2.018,2.018,1.968,1.902,1.838,1.999,2.1,2.125
4,4,56,14,14,14,14,16,16,0.6,0,2.5,0.3,0.5,1.6,1.2,2,1.6,1.2,2,0.9,2.5,1.965,1.995,1.969,1.897,1.833,1.992,2.091,2.119
4,7,98,24.5,14,24.5,14,28,28,0.8,0.6,0.5,0.5,0.6,1.7,2,2.8,1.7,1.2,0,-1.2,1.697056275,2.11,2.163,2.122,2.071,2.032,2.143,2.209,2.213
6,5,105,17.5,21,17.5,21,30,30,1,0.2,1.1,0,0.7,3.2,0,1.5,3.2,6,2.5,-2.1,6.830812543,1.996,2.003,2.027,1.983,1.94,2.039,2.105,2.1
7,6,147,21,24.5,21,24.5,42,42,0.8,0.2,0.7,0.5,0.5,1.8,3.5,3,1.8,2.1,1.8,-1.1,2.976575213,2.45,2.363,2.207,2.155,2.109,2.183,2.22,2.217
7,3,73.5,10.5,24.5,10.5,24.5,21,21,0.6,0.3,0.5,0.4,0.7,0.5,2.8,0.9,0.5,1.4,1.2,0,1.843908891,2.065,2.106,2.101,2.038,1.967,2.1,2.166,2.176
8,4,112,14,28,14,28,32,32,0.3,1,2.6,0.7,0.2,1.6,5.6,3.2,1.6,-3.2,-3.2,1,4.634652091,2.095,2.139,2.15,2.103,2.048,2.155,2.215,2.209
4,6,84,21,14,21,14,24,24,0.5,0.9,2.3,0.3,0.9,1.2,1.2,0.6,1.2,0.8,0,1.1,1.360147051,2.063,2.102,2.088,2.025,1.973,2.118,2.204,2.221
6,5,105,17.5,21,17.5,21,30,30,0.6,0,2.7,0.9,0.1,3,5.4,4.5,3,-1.8,0.5,-0.3,1.892088793,2.192,2.192,2.156,2.09,2.037,2.168,2.242,2.243
6,4,84,14,21,14,21,24,24,0,0.9,1.1,0.4,0.5,1.4,2.4,2,1.4,-2.4,-1.6,-0.3,2.9,2.068,2.117,2.093,2.041,1.97,2.101,2.181,2.192
5,7,122.5,24.5,17.5,24.5,17.5,35,35,0.6,0.8,2.8,0.1,0.7,1.4,0.5,2.1,1.4,2.5,-0.7,1.4,2.949576241,2.13,2.158,2.134,2.081,2.036,2.143,2.2,2.204
8,3,84,10.5,28,10.5,28,24,24,0.4,0.1,2.5,0.9,0.4,0.7,7.2,1.8,0.7,-4,0.9,1.8,4.477722635,2.08,2.13,2.13,2.056,1.993,2.104,2.158,2.153
4,5,70,17.5,14,17.5,14,20,20,0.4,1,2,0.4,0.7,1.7,1.6,1.5,1.7,0,-1.5,0.3,1.529705854,1.961,2.021,2.027,1.958,1.904,2.059,2.167,2.186
5,4,70,14,17.5,14,17.5,20,20,0.2,0.1,1.4,0.3,0.5,0.4,1.5,2,0.4,-0.5,1.6,1,1.95192213,2.087,2.115,2.063,1.993,1.93,2.079,2.164,2.174
7,7,171.5,24.5,24.5,24.5,24.5,49,49,0.8,0.1,0.5,1,0,0.7,7,7,0.7,-1.4,-0.7,-0.2,1.577973384,2.312,2.345,2.462,2.398,2.355,2.517,2.637,2.634
4,3,42,10.5,14,10.5,14,12,12,0.6,0.9,0.4,0,0.1,2.3,0,2.7,2.3,2.4,-2.4,-1.9,3.889730068,1.802,1.863,1.893,1.835,1.772,1.937,2.042,2.077
5,8,140,28,17.5,28,17.5,40,40,0.1,0.7,0.1,0,0.7,2,0,2.4,2,0.5,0,-1.9,1.96468827,2.149,2.231,2.311,2.269,2.233,2.359,2.435,2.429
7,5,122.5,17.5,24.5,17.5,24.5,35,35,0.2,0.7,1.4,0.2,0.3,2.6,1.4,3.5,2.6,0,-2,-1.2,2.332380758,2.196,2.249,2.211,2.151,2.08,2.191,2.251,2.25
6,4,84,14,21,14,21,24,24,0.6,1,1.9,0,0.2,2.6,0,3.2,2.6,3.6,-3.2,-0.7,4.867237409,2.066,2.119,2.087,2.01,1.942,2.069,2.141,2.15
7,5,122.5,17.5,24.5,17.5,24.5,35,35,0.9,0.8,2.9,0.8,0,2.2,5.6,5,2.2,0.7,-4,0.7,4.120679556,2.198,2.23,2.19,2.132,2.064,2.18,2.246,2.244
5,5,87.5,17.5,17.5,17.5,17.5,25,25,0.5,0.7,1.1,0.9,0.5,2.6,4.5,2.5,2.6,-2,-1,-1.5,2.692582404,2.032,2.086,2.072,2.007,1.948,2.087,2.167,2.182
3,5,52.5,17.5,10.5,17.5,10.5,15,15,0.5,0.1,2.7,0.5,0.2,1.9,1.5,4,1.9,0,0.5,0.8,0.943398113,1.928,1.992,1.982,1.924,1.881,2.04,2.147,2.186
5,5,87.5,17.5,17.5,17.5,17.5,25,25,0.7,0.4,1.5,0.9,0.9,0.5,4.5,0.5,0.5,-1,2.5,1,2.872281323,2.174,2.177,2.111,2.037,1.968,2.109,2.195,2.208
8,3,84,10.5,28,10.5,28,24,24,0.4,0.6,2.2,0.9,0.9,2.8,7.2,0.3,2.8,-4,0.9,-0.6,4.143669871,2.218,2.204,2.146,2.086,2.025,2.14,2.186,2.178
7,5,122.5,17.5,24.5,17.5,24.5,35,35,0.1,0.9,2.2,0.3,0,1.5,2.1,5,1.5,-1.4,-4.5,0.7,4.7644517,2.206,2.258,2.217,2.16,2.1,2.196,2.247,2.24
4,6,84,21,14,21,14,24,24,0.4,0.7,2.2,0.9,0.6,1.7,3.6,2.4,1.7,-2,-0.6,0.5,2.147091055,2.083,2.107,2.065,1.999,1.943,2.082,2.16,2.173
7,4,98,14,24.5,14,24.5,28,28,0.1,0.3,0.5,0.7,0.1,2.3,4.9,3.6,2.3,-4.2,-0.8,-1.8,4.638965402,2.324,2.296,2.182,2.107,2.029,2.146,2.216,2.213
3,5,52.5,17.5,10.5,17.5,10.5,15,15,0.4,0.9,3.2,0.6,0.7,1.6,1.8,1.5,1.6,-0.6,-1,1.6,1.979898987,1.898,1.948,1.944,1.893,1.859,2.007,2.106,2.133
5,5,87.5,17.5,17.5,17.5,17.5,25,25,0.6,0.6,2,0.3,0.4,3.2,1.5,3,3.2,1.5,-1,-1.2,2.165640783,2.121,2.148,2.094,2.028,1.968,2.105,2.178,2.186
6,5,105,17.5,21,17.5,21,30,30,1,0.1,2.7,0.5,0.4,1.3,3,3,1.3,3,1.5,1.4,3.634556369,2.189,2.219,2.173,2.099,2.039,2.174,2.237,2.237
7,8,196,28,24.5,28,24.5,56,56,0.6,0.5,1.3,0.8,0.9,3.4,5.6,0.8,3.4,-1.4,3.2,-2.1,4.075536774,2.319,2.319,2.245,2.201,2.146,2.226,2.242,2.249
6,4,84,14,21,14,21,24,24,0.1,1,3.2,0.9,0.9,3.4,5.4,0.4,3.4,-4.8,-0.4,-0.2,4.820788317,2.204,2.194,2.1,2.026,1.97,2.114,2.156,2.166
8,7,196,24.5,28,24.5,28,56,56,1,0.6,0.6,0.2,0.3,2.6,1.6,4.9,2.6,6.4,-2.1,-2,7.026378868,2.431,2.377,2.227,2.17,2.129,2.19,2.202,2.203
6,4,84,14,21,14,21,24,24,0.8,0.8,1.4,0.7,0.4,2.9,4.2,2.4,2.9,0.6,-1.6,-1.5,2.2737634,2.217,2.209,2.136,2.051,1.984,2.115,2.19,2.196
6,5,105,17.5,21,17.5,21,30,30,0.5,0.6,2,0.3,0.3,0.7,1.8,3.5,0.7,1.2,-1.5,1.3,2.319482701,2.077,2.128,2.098,2.051,1.999,2.114,2.17,2.175
8,6,168,21,28,21,28,48,48,0.1,0.8,3.3,0.4,0.6,0.9,3.2,2.4,0.9,-2.4,-1.2,2.4,3.6,2.306,2.343,2.284,2.221,2.161,2.255,2.27,2.252
5,6,105,21,17.5,21,17.5,30,30,0.3,0.8,2.9,0.9,0.1,2.3,4.5,5.4,2.3,-3,-4.2,0.6,5.196152423,2.159,2.168,2.084,2.021,1.979,2.087,2.137,2.14
5,6,105,21,17.5,21,17.5,30,30,0.5,0.9,0.2,0.7,0.2,1,3.5,4.8,1,-1,-4.2,-0.8,4.39089968,2.062,2.099,2.083,2.038,1.994,2.099,2.154,2.161
8,6,168,21,28,21,28,48,48,0.6,0.9,1.1,0.2,0.8,2,1.6,1.2,2,3.2,-0.6,-0.9,3.377869151,2.289,2.295,2.202,2.15,2.104,2.166,2.179,2.179
6,4,84,14,21,14,21,24,24,1,0.8,2.8,0.9,0.5,3.2,5.4,2,3.2,0.6,-1.2,-0.4,1.4,2.188,2.212,2.139,2.064,1.995,2.15,2.237,2.247
8,6,168,21,28,21,28,48,48,0,0.7,1.1,0.5,0.8,3.3,4,1.2,3.3,-4,0.6,-2.2,4.604345773,2.214,2.252,2.214,2.179,2.135,2.208,2.234,2.223
4,4,56,14,14,14,14,16,16,0.5,0.8,1.9,1,0.7,3.2,4,1.2,3.2,-2,-0.4,-1.3,2.418677324,1.939,1.98,1.964,1.895,1.836,1.998,2.099,2.127
6,6,126,21,21,21,21,36,36,0.2,0.6,1.8,0.4,0.7,1.3,2.4,1.8,1.3,-1.2,0.6,0.5,1.431782106,2.166,2.189,2.163,2.115,2.072,2.19,2.247,2.244
5,7,122.5,24.5,17.5,24.5,17.5,35,35,0.6,0.3,1.3,0.7,0.9,1.9,3.5,0.7,1.9,-0.5,4.2,-0.6,4.272001873,2.247,2.209,2.108,2.055,2.014,2.101,2.141,2.138
7,3,73.5,10.5,24.5,10.5,24.5,21,21,0.6,0.8,1.9,0.9,0.9,3.1,6.3,0.3,3.1,-2.1,0.3,-1.2,2.437211521,2.293,2.273,2.181,2.1,2.014,2.156,2.235,2.234
8,3,84,10.5,28,10.5,28,24,24,0.9,0,0.9,0.7,0.2,0.9,5.6,2.4,0.9,1.6,0.6,0,1.708800749,2.123,2.167,2.176,2.11,2.041,2.186,2.251,2.242
8,6,168,21,28,21,28,48,48,0.2,1,1.7,0.5,0,0.5,4,6,0.5,-2.4,-6,1.2,6.57267069,1.993,2.052,2.116,2.084,2.052,2.12,2.149,2.145
6,4,84,14,21,14,21,24,24,0.8,0.5,0.5,0.3,0.3,0.8,1.8,2.8,0.8,3,-0.8,-0.3,3.119294792,2.104,2.13,2.075,2.01,1.95,2.081,2.152,2.164
6,8,168,28,21,28,21,48,48,0.1,0.7,3.4,0.5,0.9,2.3,3,0.8,2.3,-2.4,1.6,1.1,3.087069808,2.195,2.224,2.196,2.174,2.154,2.213,2.252,2.236
6,8,168,28,21,28,21,48,48,0.1,0.7,3.4,0.5,0.9,2.2,3,0.8,2.2,-2.4,1.6,1.2,3.12409987,2.295,2.295,2.197,2.155,2.117,2.19,2.236,2.228
4,4,56,14,14,14,14,16,16,0.3,0.5,1.8,0.7,0.7,2,2.8,1.2,2,-1.6,0.8,-0.2,1.8,1.978,2.015,1.983,1.91,1.847,2.013,2.118,2.149
6,4,84,14,21,14,21,24,24,0,0.9,1.1,0.4,0.5,1.4,2.4,2,1.4,-2.4,-1.6,-0.3,2.9,2.099,2.127,2.117,2.047,1.98,2.114,2.193,2.207
6,7,147,24.5,21,24.5,21,42,42,0.8,0.1,2.1,0.8,0.9,1.4,4.8,0.7,1.4,0,5.6,0.7,5.643580424,2.172,2.204,2.14,2.101,2.067,2.146,2.179,2.174
4,5,70,17.5,14,17.5,14,20,20,0.2,0.3,3.1,0.7,0.2,1,2.8,4,1,-2,-0.5,2.1,2.942787794,2.032,2.066,2.018,1.945,1.887,2.035,2.126,2.147
6,5,105,17.5,21,17.5,21,30,30,0.9,0.7,0.3,0.4,0.9,1.6,2.4,0.5,1.6,3,1,-1.3,3.419064199,2.169,2.158,2.108,2.055,2.001,2.113,2.16,2.166
5,4,70,14,17.5,14,17.5,20,20,0.8,0.3,0.2,0.3,0.5,1.7,1.5,2,1.7,2.5,0.8,-1.5,3.023243292,1.97,2.033,2.049,1.983,1.917,2.073,2.157,2.175
3,5,52.5,17.5,10.5,17.5,10.5,15,15,0.5,0.1,3.2,0.5,0.2,1.9,1.5,4,1.9,0,0.5,1.3,1.392838828,1.941,1.97,1.951,1.894,1.849,2.005,2.104,2.138
5,6,105,21,17.5,21,17.5,30,30,0.3,0.8,2.9,0.9,0.1,2.3,4.5,5.4,2.3,-3,-4.2,0.6,5.196152423,2.117,2.126,2.077,2.02,1.977,2.091,2.147,2.149
8,4,112,14,28,14,28,32,32,1,0,0.7,0.7,0.3,0.3,5.6,2.8,0.3,2.4,1.2,0.4,2.712931993,2.562,2.457,2.315,2.231,2.164,2.277,2.347,2.338
5,5,87.5,17.5,17.5,17.5,17.5,25,25,0.5,0.2,2.1,0.4,0.2,3.1,2,4,3.1,0.5,0,-1,1.118033989,2.169,2.189,2.128,2.057,1.994,2.14,2.223,2.236
7,8,196,28,24.5,28,24.5,56,56,0.4,0.5,1,0.8,1,3.2,5.6,0,3.2,-2.8,4,-2.2,5.355371136,2.333,2.337,2.22,2.191,2.152,2.201,2.205,2.198
5,4,70,14,17.5,14,17.5,20,20,0.6,0.2,0.7,0.5,0.2,3.4,2.5,3.2,3.4,0.5,0,-2.7,2.745906044,1.993,2.058,2.048,1.984,1.918,2.072,2.156,2.173
3,6,63,21,10.5,21,10.5,18,18,0.8,0.8,0.2,0.3,0.1,0.6,0.9,5.4,0.6,1.5,-4.2,-0.4,4.477722635,1.982,2.003,1.989,1.948,1.919,2.06,2.136,2.151
4,6,84,21,14,21,14,24,24,0.2,0.2,1.7,0.3,0.7,0.1,1.2,1.8,0.1,-0.4,3,1.6,3.423448554,2.12,2.144,2.067,1.993,1.942,2.078,2.146,2.165
6,4,84,14,21,14,21,24,24,0.1,1,3.2,0.9,0.1,3.4,5.4,3.6,3.4,-4.8,-3.6,-0.2,6.003332408,2.054,2.106,2.064,2.016,1.956,2.085,2.148,2.15
8,7,196,24.5,28,24.5,28,56,56,0.6,0.3,0.2,0.7,0.8,3,5.6,1.4,3,-0.8,3.5,-2.8,4.553020975,2.198,2.207,2.189,2.152,2.115,2.192,2.197,2.194
6,8,168,28,21,28,21,48,48,0.5,0.7,1.1,0.9,0.3,2.6,5.4,5.6,2.6,-2.4,-3.2,-1.5,4.272001873,2.448,2.404,2.237,2.18,2.142,2.222,2.249,2.241
5,5,87.5,17.5,17.5,17.5,17.5,25,25,0.9,1,3,0.5,0.5,0.1,2.5,2.5,0.1,2,-2.5,2.9,4.319722213,2.116,2.107,2.064,2.008,1.948,2.093,2.157,2.159
6,8,168,28,21,28,21,48,48,0.1,0.9,3.4,0.5,0.9,1.8,3,0.8,1.8,-2.4,0,1.6,2.88444102,2.322,2.334,2.276,2.211,2.171,2.274,2.316,2.304
5,6,105,21,17.5,21,17.5,30,30,0.6,0.2,0.2,0.9,0.3,2,4.5,4.2,2,-1.5,0.6,-1.8,2.418677324,2.123,2.167,2.135,2.077,2.03,2.155,2.225,2.233
4,8,112,28,14,28,14,32,32,0.1,0.7,3.1,0.6,1,1.9,2.4,0,1.9,-2,2.4,1.2,3.346640106,2.293,2.276,2.156,2.104,2.058,2.168,2.214,2.217
4,5,70,17.5,14,17.5,14,20,20,0.3,0.2,3.3,0.3,0.4,0.1,1.2,3,0.1,0,1,3.2,3.352610923,2.073,2.095,2.03,1.955,1.904,2.05,2.143,2.168
7,5,122.5,17.5,24.5,17.5,24.5,35,35,0.9,0.6,2.6,0.5,0.5,3.2,3.5,2.5,3.2,2.8,-0.5,-0.6,2.906888371,2.357,2.354,2.213,2.15,2.087,2.191,2.235,2.232
7,5,122.5,17.5,24.5,17.5,24.5,35,35,0.2,0.7,1.4,0.2,0.3,2.6,1.4,3.5,2.6,0,-2,-1.2,2.332380758,2.107,2.151,2.164,2.117,2.06,2.183,2.231,2.231
5,6,105,21,17.5,21,17.5,30,30,0.3,0.7,2.9,0.9,0.1,2.3,4.5,5.4,2.3,-3,-3.6,0.6,4.724404724,2.169,2.185,2.116,2.047,1.992,2.107,2.16,2.165
3,6,63,21,10.5,21,10.5,18,18,1,0.4,0.6,0,0.3,0.8,0,4.2,0.8,3,-0.6,-0.2,3.065941943,2.191,2.166,2.053,1.982,1.939,2.073,2.152,2.169
4,4,56,14,14,14,14,16,16,0.3,0.8,1,0.1,0.2,0.8,0.4,3.2,0.8,0.8,-2.4,0.2,2.537715508,2.007,2.037,1.98,1.906,1.841,2.01,2.111,2.142
4,4,56,14,14,14,14,16,16,0.3,0.8,1,0.1,0.2,1.2,0.4,3.2,1.2,0.8,-2.4,-0.2,2.537715508,2.155,2.127,2.009,1.925,1.859,2.015,2.117,2.141
5,7,122.5,24.5,17.5,24.5,17.5,35,35,0.2,1,2.9,0.2,0.7,0.7,1,2.1,0.7,0,-2.1,2.2,3.041381265,2.249,2.267,2.184,2.122,2.063,2.191,2.252,2.247
5,6,105,21,17.5,21,17.5,30,30,0.1,0.4,3.3,0.2,0.4,3.2,1,3.6,3.2,-0.5,0,0.1,0.509901951,2.31,2.365,2.405,2.325,2.257,2.467,2.606,2.615
5,6,105,21,17.5,21,17.5,30,30,0.2,1,0.8,0.9,0.7,2.5,4.5,1.8,2.5,-3.5,-1.8,-1.7,4.287190222,2.067,2.096,2.09,2.042,2,2.116,2.185,2.195
8,8,224,28,28,28,28,64,64,0.5,0.8,3.3,0.2,0.7,3.2,1.6,2.4,3.2,2.4,-0.8,0.1,2.53179778,2.391,2.401,2.308,2.254,2.22,2.266,2.292,2.286
7,3,73.5,10.5,24.5,10.5,24.5,21,21,1,0.8,2.4,0.1,0.3,2.8,0.7,2.1,2.8,6.3,-1.5,-0.4,6.488451279,2.296,2.263,2.113,2.045,1.975,2.098,2.16,2.162
8,5,140,17.5,28,17.5,28,40,40,1,0.4,0.7,0,0.6,3,0,2,3,8,1,-2.3,8.383913167,2.152,2.212,2.161,2.107,2.063,2.145,2.205,2.188
8,4,112,14,28,14,28,32,32,0.3,0.8,2.2,0.8,0.1,1.1,6.4,3.6,1.1,-4,-2.8,1.1,5.004997503,2.298,2.286,2.176,2.117,2.056,2.148,2.19,2.183
4,4,56,14,14,14,14,16,16,0.5,0.4,1.9,1,0.7,3.2,4,1.2,3.2,-2,1.2,-1.3,2.670205985,1.977,2.009,1.977,1.903,1.841,1.995,2.101,2.13
5,5,87.5,17.5,17.5,17.5,17.5,25,25,0.6,0.6,2,0.4,0.3,3.2,2,3.5,3.2,1,-1.5,-1.2,2.165640783,2.179,2.179,2.107,2.04,1.983,2.118,2.192,2.203
7,4,98,14,24.5,14,24.5,28,28,1,0.8,2.4,0.1,0.4,2.8,0.7,2.4,2.8,6.3,-1.6,-0.4,6.512296062,2.122,2.143,2.119,2.065,2.005,2.121,2.178,2.18
4,8,112,28,14,28,14,32,32,0.5,1,0.8,0.9,0.7,1.7,3.6,2.4,1.7,-1.6,-2.4,-0.9,3.021588986,2.215,2.239,2.165,2.116,2.078,2.199,2.253,2.248
8,5,140,17.5,28,17.5,28,40,40,0.4,0.7,2,0.4,0.7,2.5,3.2,1.5,2.5,0,0,-0.5,0.5,2.473,2.5,2.434,2.357,2.283,2.431,2.516,2.508
4,8,112,28,14,28,14,32,32,0.7,0.1,1.2,0.9,0.3,2.7,3.6,5.6,2.7,-0.8,1.6,-1.5,2.334523506,2.184,2.218,2.153,2.097,2.055,2.162,2.217,2.218
8,7,196,24.5,28,24.5,28,56,56,1,0.6,0.4,0.2,0.9,1.3,1.6,0.7,1.3,6.4,2.1,-0.9,6.795586803,2.437,2.404,2.293,2.247,2.207,2.264,2.265,2.275
5,6,105,21,17.5,21,17.5,30,30,0.3,0.3,2.9,1,0.3,2.3,5,4.2,2.3,-3.5,0,0.6,3.551056181,2.259,2.257,2.175,2.108,2.047,2.178,2.237,2.239
5,7,122.5,24.5,17.5,24.5,17.5,35,35,0.2,0.8,0.4,0.9,0.1,0.7,4.5,6.3,0.7,-3.5,-4.9,-0.3,6.029096118,2.075,2.119,2.091,2.034,1.976,2.085,2.132,2.135
8,7,196,24.5,28,24.5,28,56,56,0.2,0.8,1.6,0.5,0,0.5,4,7,0.5,-2.4,-5.6,1.1,6.191122677,2.173,2.221,2.159,2.122,2.1,2.147,2.143,2.149
4,6,84,21,14,21,14,24,24,0.2,1,3.2,0.7,0.2,0.8,2.8,4.8,0.8,-2,-4.8,2.4,5.727128425,2.028,2.072,2.056,1.995,1.945,2.095,2.179,2.182
3,8,84,28,10.5,28,10.5,24,24,0.2,1,0.5,0.9,0.9,2.9,2.7,0.8,2.9,-2.1,-0.8,-2.4,3.287856445,2.083,2.117,2.09,2.036,1.999,2.134,2.213,2.228
6,4,84,14,21,14,21,24,24,0.7,1,2,0.4,0.3,3,2.4,2.8,3,1.8,-2.8,-1,3.475629439,2.192,2.188,2.102,2.033,1.963,2.087,2.15,2.156
6,6,126,21,21,21,21,36,36,0.4,0.9,3.3,0.6,1,2.7,3.6,0,2.7,-1.2,0.6,0.6,1.469693846,2.27,2.293,2.267,2.216,2.164,2.313,2.403,2.401
4,5,70,17.5,14,17.5,14,20,20,0.9,0.1,3.3,0.5,0,1.9,2,5,1.9,1.6,-0.5,1.4,2.184032967,2.124,2.154,2.11,2.027,1.973,2.137,2.253,2.274
4,5,70,17.5,14,17.5,14,20,20,0.2,0.4,2.8,0.7,0.2,0.5,2.8,4,0.5,-2,-1,2.3,3.207802986,1.998,2.034,2.008,1.948,1.899,2.042,2.126,2.14
4,4,56,14,14,14,14,16,16,0.5,0.8,1.9,1,0.7,3.2,4,1.2,3.2,-2,-0.4,-1.3,2.418677324,1.974,1.997,1.972,1.904,1.839,2.002,2.108,2.142
5,7,122.5,24.5,17.5,24.5,17.5,35,35,0.6,0.4,1.3,0,0.9,1.9,0,0.7,1.9,3,3.5,-0.6,4.64865572,2.2,2.246,2.185,2.118,2.054,2.17,2.229,2.233
7,8,196,28,24.5,28,24.5,56,56,0.2,1,1.4,0.8,0.5,0.3,5.6,4,0.3,-4.2,-4,1.1,5.903388857,2.316,2.375,2.294,2.24,2.189,2.243,2.244,2.25
5,6,105,21,17.5,21,17.5,30,30,0.1,0.2,2.4,0.5,0.3,2,2.5,4.2,2,-2,0.6,0.4,2.126029163,2.049,2.118,2.139,2.075,2.034,2.161,2.232,2.233
7,3,73.5,10.5,24.5,10.5,24.5,21,21,0.7,0.6,2,0.9,0.3,2.1,6.3,2.1,2.1,-1.4,-0.9,-0.1,1.6673332,2.087,2.127,2.12,2.052,1.984,2.127,2.196,2.199
3,5,52.5,17.5,10.5,17.5,10.5,15,15,0,0.2,1.5,0.6,0.9,2.8,1.8,0.5,2.8,-1.8,3.5,-1.3,4.144876355,1.882,1.931,1.934,1.885,1.849,2.002,2.101,2.13
4,6,84,21,14,21,14,24,24,0.8,0.2,3.1,0.9,0.6,2.7,3.6,2.4,2.7,-0.4,2.4,0.4,2.465765601,2.137,2.143,2.07,2.013,1.966,2.097,2.173,2.178
4,7,98,24.5,14,24.5,14,28,28,0.5,0,0.6,0.3,0,2,1.2,7,2,0.8,0,-1.4,1.61245155,2.166,2.233,2.22,2.158,2.104,2.276,2.375,2.373
4,5,70,17.5,14,17.5,14,20,20,0.4,0,3.3,0.6,1,1.9,2.4,0,1.9,-0.8,5,1.4,5.253570215,1.972,2.01,1.986,1.92,1.864,2,2.092,2.114
6,7,147,24.5,21,24.5,21,42,42,0.1,1,0.6,0.9,0.9,1.4,5.4,0.7,1.4,-4.8,-0.7,-0.8,4.916299421,2.216,2.257,2.197,2.161,2.131,2.222,2.264,2.258
4,4,56,14,14,14,14,16,16,0.9,0.3,3.4,0.9,0.3,3.4,3.6,2.8,3.4,0,0,0,0,nan,nan,nan,nan,nan,nan,nan,nan
4,4,56,14,14,14,14,16,16,0.3,0.9,1,0.4,0.2,2.9,1.6,3.2,2.9,-0.4,-2.8,-1.9,3.407345007,1.932,1.97,1.96,1.893,1.835,1.991,2.087,2.111
6,6,126,21,21,21,21,36,36,0.4,0.8,0.7,0.3,0.2,2.2,1.8,4.8,2.2,0.6,-3.6,-1.5,3.945883931,2.189,2.215,2.18,2.113,2.056,2.156,2.21,2.216
4,8,112,28,14,28,14,32,32,1,0.4,2.8,0.3,0.8,0.9,1.2,1.6,0.9,2.8,3.2,1.9,4.657252409,2.069,2.103,2.093,2.047,2.01,2.132,2.181,2.185
3,5,52.5,17.5,10.5,17.5,10.5,15,15,0.8,0.2,0.9,0.9,0.3,1.5,2.7,3.5,1.5,-0.3,0.5,-0.6,0.836660027,1.953,1.991,1.988,1.927,1.878,2.042,2.158,2.189
5,5,87.5,17.5,17.5,17.5,17.5,25,25,0.6,0.7,1.1,0.9,0.5,2.6,4.5,2.5,2.6,-1.5,-1,-1.5,2.34520788,2.22,2.217,2.116,2.038,1.971,2.102,2.178,2.192
6,4,84,14,21,14,21,24,24,1,0.8,2.8,0.9,0.5,3.2,5.4,2,3.2,0.6,-1.2,-0.4,1.4,2.172,2.19,2.162,2.093,2.031,2.181,2.26,2.266
8,6,168,21,28,21,28,48,48,0.3,1,2.9,0.9,0.1,2.4,7.2,5.4,2.4,-4.8,-5.4,0.5,7.242237223,2.096,2.12,2.142,2.112,2.08,2.158,2.171,2.169
5,6,105,21,17.5,21,17.5,30,30,0.1,0.8,1.7,0.5,0,0.5,2.5,6,0.5,-2,-4.8,1.2,5.336665626,2.089,2.137,2.112,2.042,1.989,2.104,2.166,2.17
6,5,105,17.5,21,17.5,21,30,30,0.4,0.9,0.5,0.2,0.5,0.1,1.2,2.5,0.1,1.2,-2,0.4,2.366431913,2.28,2.249,2.163,2.092,2.037,2.153,2.221,2.221
7,4,98,14,24.5,14,24.5,28,28,0.6,0.2,3,0.1,0.2,2.7,0.7,3.2,2.7,3.5,0,0.3,3.512833614,2.088,2.105,2.088,2.037,1.985,2.101,2.16,2.159
6,4,84,14,21,14,21,24,24,0.7,0.9,1,0.4,0.5,1.4,2.4,2,1.4,1.8,-1.6,-0.4,2.441311123,2.123,2.129,2.079,2.013,1.95,2.079,2.153,2.165
5,6,105,21,17.5,21,17.5,30,30,0.2,0.1,1.1,0.2,0.8,3.3,1,1.2,3.3,0,4.2,-2.2,4.741307836,2.04,2.087,2.081,2.03,1.986,2.099,2.159,2.167
6,7,147,24.5,21,24.5,21,42,42,0.9,0.4,2.8,0.3,0.1,1.1,1.8,6.3,1.1,3.6,-2.1,1.7,4.501110974,2.185,2.223,2.174,2.127,2.088,2.181,2.203,2.201
8,5,140,17.5,28,17.5,28,40,40,0.7,0.6,2,0.5,0.5,3.2,4,2.5,3.2,1.6,-0.5,-1.2,2.061552813,2.281,2.289,2.219,2.17,2.115,2.214,2.248,2.247
5,6,105,21,17.5,21,17.5,30,30,0.2,1,3.2,0.2,0.7,3.2,1,1.8,3.2,0,-1.8,0,1.8,2.159,2.17,2.15,2.1,2.045,2.169,2.244,2.25
4,7,98,24.5,14,24.5,14,28,28,0.9,0.3,1.3,0.9,0.3,1.5,3.6,4.9,1.5,0,0,-0.2,0.2,2.309,2.397,2.452,2.361,2.278,2.511,2.699,2.735
3,7,73.5,24.5,10.5,24.5,10.5,21,21,0.7,0.3,2.6,0.8,0.3,0.8,2.4,4.9,0.8,-0.3,0,1.8,1.824828759,2.071,2.076,2.039,1.991,1.959,2.087,2.167,2.181
5,5,87.5,17.5,17.5,17.5,17.5,25,25,0.2,0.6,1.3,0.1,0.1,2.4,0.5,4.5,2.4,0.5,-2.5,-1.1,2.776688675,2.052,2.081,2.069,2.009,1.957,2.09,2.169,2.185
4,5,70,17.5,14,17.5,14,20,20,0.6,0.1,2.1,0.4,0.2,1.8,1.6,4,1.8,0.8,0.5,0.3,0.989949494,2.001,2.054,2.061,1.999,1.944,2.105,2.206,2.229
3,8,84,28,10.5,28,10.5,24,24,0,0.3,2.7,0.7,0.7,2.8,2.1,2.4,2.8,-2.1,3.2,-0.1,3.828837944,2.026,2.054,2.064,2.02,1.996,2.111,2.158,2.164
7,4,98,14,24.5,14,24.5,28,28,1,0.8,2.4,0.1,0.3,2.8,0.7,2.8,2.8,6.3,-2,-0.4,6.621933252,2.209,2.211,2.15,2.097,2.038,2.135,2.19,2.198
8,6,168,21,28,21,28,48,48,0.2,1,1.7,0.8,0,0.5,6.4,6,0.5,-4.8,-6,1.2,7.776888838,1.98,1.994,2.089,2.059,2.035,2.1,2.103,2.112
6,7,147,24.5,21,24.5,21,42,42,0.9,0.4,3,0.5,0.3,1.7,3,4.9,1.7,2.4,-0.7,1.3,2.817800561,2.174,2.191,2.163,2.121,2.086,2.184,2.222,2.225
6,8,168,28,21,28,21,48,48,0,1,2.2,0.7,0.1,0.1,4.2,7.2,0.1,-4.2,-7.2,2.1,8.595929269,2.099,2.149,2.115,2.084,2.053,2.111,2.137,2.128
4,7,98,24.5,14,24.5,14,28,28,0.5,0,0.6,0,0,2,0,7,2,2,0,-1.4,2.441311123,2.225,2.283,2.25,2.195,2.141,2.279,2.357,2.36
4,3,42,10.5,14,10.5,14,12,12,0.6,0.9,0.5,0.3,0.1,2.3,1.2,2.7,2.3,1.2,-2.4,-1.8,3.231098884,1.849,1.891,1.916,1.855,1.785,1.955,2.07,2.109
7,5,122.5,17.5,24.5,17.5,24.5,35,35,0.2,0.4,1.4,0.1,0.8,0.9,0.7,1,0.9,0.7,2,0.5,2.177154106,2.256,2.288,2.244,2.171,2.099,2.224,2.284,2.278
3,8,84,28,10.5,28,10.5,24,24,0.8,1,2.8,0.3,0.6,0.3,0.9,3.2,0.3,1.5,-3.2,2.5,4.328972164,2.1,2.142,2.099,2.053,2.02,2.128,2.182,2.173
6,6,126,21,21,21,21,36,36,0.1,0.6,1.8,0.6,0.7,1.2,3.6,1.8,1.2,-3,0.6,0.6,3.117691454,2.26,2.278,2.201,2.136,2.076,2.179,2.227,2.227
5,7,122.5,24.5,17.5,24.5,17.5,35,35,0,0.6,1.8,0.4,0.9,3.2,2,0.7,3.2,-2,2.1,-1.4,3.220248438,2.201,2.218,2.168,2.118,2.072,2.191,2.239,2.233
8,7,196,24.5,28,24.5,28,56,56,0.6,0.2,0.2,0.7,0.1,3,5.6,6.3,3,-0.8,-0.7,-2.8,2.994995826,2.462,2.475,2.331,2.261,2.212,2.291,2.309,2.304
3,7,73.5,24.5,10.5,24.5,10.5,21,21,0.7,0.1,0.7,0.8,0.8,1.8,2.4,1.4,1.8,-0.3,4.9,-1.1,5.030904491,1.955,2.01,2.016,1.97,1.936,2.073,2.138,2.143
5,7,122.5,24.5,17.5,24.5,17.5,35,35,0.2,0.1,1.7,1,0.9,1.6,5,0.7,1.6,-4,5.6,0.1,6.882586723,2.068,2.099,2.102,2.048,2.011,2.131,2.166,2.169
7,7,171.5,24.5,24.5,24.5,24.5,49,49,0.5,0.3,0.6,0.2,0.3,0.9,1.4,4.9,0.9,2.1,0,-0.3,2.121320344,2.317,2.314,2.264,2.199,2.143,2.24,2.28,2.281
4,7,98,24.5,14,24.5,14,28,28,0.5,0.4,2.9,1,0.6,0.9,4,2.8,0.9,-2,1.4,2,3.155946768,2.041,2.088,2.109,2.062,2.022,2.149,2.207,2.206
3,6,63,21,10.5,21,10.5,18,18,0.2,0.2,1.5,0.9,0.7,2.9,2.7,1.8,2.9,-2.1,3,-1.4,3.920459157,1.996,2.015,1.989,1.941,1.913,2.052,2.134,2.147
7,4,98,14,24.5,14,24.5,28,28,0.8,0.8,3.1,0.7,0.6,1.6,4.9,1.6,1.6,0.7,-0.8,1.5,1.838477631,2.059,2.09,2.116,2.065,2.003,2.135,2.208,2.213
4,4,56,14,14,14,14,16,16,0.2,0.4,2.6,0.5,0.3,0.5,2,2.8,0.5,-1.2,-0.4,2.1,2.451530134,1.912,1.948,1.949,1.889,1.831,1.993,2.094,2.123
4,6,84,21,14,21,14,24,24,0.2,1,0.8,0.7,0.2,0.8,2.8,4.8,0.8,-2,-4.8,0,5.2,2.083,2.068,2.028,1.985,1.947,2.064,2.127,2.134
8,7,196,24.5,28,24.5,28,56,56,0.2,0.9,3.4,0.7,0.3,2,5.6,4.9,2,-4,-4.2,1.4,5.966573556,2.132,2.147,2.139,2.11,2.077,2.147,2.179,2.171
3,6,63,21,10.5,21,10.5,18,18,0.8,0.8,0.2,0.3,0.1,0.6,0.9,5.4,0.6,1.5,-4.2,-0.4,4.477722635,2.022,2.038,2,1.933,1.893,2.041,2.132,2.152
6,6,126,21,21,21,21,36,36,0.5,0.5,2.2,0.3,0.5,3.3,1.8,3,3.3,1.2,0,-1.1,1.62788206,2.222,2.23,2.189,2.134,2.087,2.194,2.245,2.243
5,5,87.5,17.5,17.5,17.5,17.5,25,25,0.7,0.4,2.8,0.1,0.9,2.7,0.5,0.5,2.7,3,2.5,0.1,3.906404997,2.125,2.142,2.086,2.012,1.951,2.088,2.164,2.177
6,4,84,14,21,14,21,24,24,0.6,0.2,1.5,0.8,0.3,0.6,4.8,2.8,0.6,-1.2,0.4,0.9,1.55241747,2.081,2.117,2.119,2.061,1.995,2.134,2.215,2.219
8,6,168,21,28,21,28,48,48,0.2,1,1.7,0.5,0,0.7,4,6,0.7,-2.4,-6,1,6.53911309,2.286,2.309,2.221,2.178,2.124,2.177,2.199,2.2
5,3,52.5,10.5,17.5,10.5,17.5,15,15,0.5,0.3,3.2,0.9,0.9,0.3,4.5,0.3,0.3,-2,1.8,2.9,3.956008089,1.967,1.993,1.97,1.909,1.843,1.99,2.084,2.103
5,8,140,28,17.5,28,17.5,40,40,0.1,0.3,3.2,0.6,0.9,0.3,3,0.8,0.3,-2.5,4.8,2.9,6.140032573,2.157,2.172,2.13,2.074,2.036,2.128,2.161,2.164
4,3,42,10.5,14,10.5,14,12,12,0.5,0.4,2.2,0.8,0.7,2.8,3.2,0.9,2.8,-1.2,0.9,-0.6,1.615549442,1.908,1.938,1.92,1.849,1.783,1.952,2.061,2.098
4,7,98,24.5,14,24.5,14,28,28,0.5,0,0.3,0,0,2,0,7,2,2,0,-1.7,2.62488095,2.559,2.534,2.287,2.156,2.059,2.214,2.316,2.348
6,3,63,10.5,21,10.5,21,18,18,0.7,1,2,0.4,0.3,3,2.4,2.1,3,1.8,-2.1,-1,2.941088234,2.202,2.181,2.101,2.016,1.94,2.077,2.162,2.172
6,7,147,24.5,21,24.5,21,42,42,0.2,1,0.6,1,0.9,1.6,6,0.7,1.6,-4.8,-0.7,-1,4.952776999,2.2,2.252,2.194,2.109,2.08,2.179,2.229,2.224
5,8,140,28,17.5,28,17.5,40,40,0.2,0.1,1.7,0.9,0.8,3.3,4.5,1.6,3.3,-3.5,5.6,-1.6,6.794850992,2.17,2.174,2.109,2.076,2.052,2.119,2.153,2.143
5,3,52.5,10.5,17.5,10.5,17.5,15,15,0.3,0.3,3.2,0.8,0.9,0.3,4,0.3,0.3,-2.5,1.8,2.9,4.23083916,2.088,2.056,1.975,1.904,1.836,1.981,2.076,2.099
8,6,168,21,28,21,28,48,48,0.6,0.3,0.3,0.7,0.8,3,5.6,1.2,3,-0.8,3,-2.7,4.114608122,2.172,2.207,2.169,2.13,2.09,2.17,2.196,2.192
4,4,56,14,14,14,14,16,16,0,0.6,1.8,0.4,0.9,3.2,1.6,0.4,3.2,-1.6,1.2,-1.4,2.441311123,1.982,2.02,1.98,1.904,1.84,2.001,2.109,2.144
5,8,140,28,17.5,28,17.5,40,40,0.5,0.4,1.9,1,0.7,3.2,5,2.4,3.2,-2.5,2.4,-1.3,3.701351105,2.208,2.24,2.195,2.142,2.088,2.196,2.24,2.242
7,5,122.5,17.5,24.5,17.5,24.5,35,35,1,0.2,0.7,0,0.5,1.8,0,2.5,1.8,7,1.5,-1.1,7.242927585,2.04,2.079,2.085,2.049,2.003,2.089,2.122,2.135
6,6,126,21,21,21,21,36,36,0.8,0.2,1.1,0.5,0.7,3.2,3,1.8,3.2,1.8,3,-2.1,4.080441153,2.233,2.264,2.168,2.101,2.044,2.146,2.195,2.188
6,7,147,24.5,21,24.5,21,42,42,1,0.4,1.9,0.7,0.1,0.4,4.2,6.3,0.4,1.8,-2.1,1.5,3.146426545,2.292,2.31,2.226,2.183,2.132,2.21,2.249,2.242
8,4,112,14,28,14,28,32,32,0,0,0.7,0.7,0.2,1.6,5.6,3.2,1.6,-5.6,0.8,-0.9,5.728001397,2.175,2.143,2.124,2.066,2.011,2.115,2.155,2.16
5,5,87.5,17.5,17.5,17.5,17.5,25,25,0.6,0.4,1.5,0.8,0.9,3.2,4,0.5,3.2,-1,2.5,-1.7,3.184336666,2.086,2.118,2.074,2.007,1.95,2.088,2.158,2.166
